震度計番号,震度観測点名称,緯度,経度,震度,最大加速度NS[cm/s/s],最大加速度EW[cm/s/s],最大加速度UD[cm/s/s],最大加速度3成分合成[cm/s/s],最大速度NS[cm/s],最大速度EW[cm/s],最大速度UD[cm/s],最大速度3成分合成[cm/s],最大変位NS[cm],最大変位EW[cm],最大変位UD[cm],最大変位3成分合成[cm],地域名称,観測点所在地,緯度(度),緯度(分),経度(度),経度(分),観測開始(yyyymmddhhmm),観測終了(yyyymmddhhmm)
47595,福島市松木町,37.7585,140.4706,5強,237.07,330.059,103.083,377.687,28.84,29.677,7.774,37.874,6.034,6.817,2.214,8.502,福島県中通り,福島市松木町1-9（福島地方気象台）,37,45.5,140,28.2,1889        ,
41209,大崎市古川三日町,38.5741,140.9561,5強,187.909,197.009,103.757,203.122,27.061,19.248,9.391,30.446,7.034,4.242,4.66,7.564,宮城県北部,大崎市古川三日町1-63-3（三日町公園）,38,34.4,140,57.4,199604011200,
42212,涌谷町新町裏,38.5401,141.1272,5強,215.535,150.629,96.921,223.239,21.374,21.793,5.758,25.706,5.734,5.189,1.825,7.129,宮城県北部,遠田郡涌谷町字新町裏136（涌谷町役場）,38,32.4,141,7.6,199604011200,
42213,登米市中田町,38.7103,141.2357,5弱,181.153,209.375,96.61,215.038,14.589,17.588,5.337,20.472,2.529,3.806,1.054,3.975,宮城県北部,登米市中田町宝江黒沼大海崎6,38,42.6,141,14.1,199604011200,
47569,仙台空港,38.1379,140.9278,5強,270.252,281.089,208.965,299.371,23.368,23.553,10.143,32.406,6.767,7.59,2.512,10.092,宮城県南部,名取市下増田字南原,38,8.3,140,55.7,200804011200,
41216,南相馬市原町区三島町,37.6413,140.9558,5強,573.071,605.696,219.691,640.03,18.217,32.978,7.366,35.329,3.274,8.018,1.781,8.508,福島県浜通り,南相馬市原町区三島町2-33,37,38.5,140,57.3,199604011200,
42228,浪江町幾世橋,37.4945,140.9997,6弱,513.444,514.784,434.455,542.837,23.19,38.425,8.344,42.247,3.393,8.713,1.1,8.76,福島県浜通り,双葉郡浪江町大字幾世橋字六反田7-2,37,29.7,140,60.0,199604011200,
41207,奥州市水沢大鐘町,39.1292,141.1381,4,79.763,65.006,32.177,85.026,5.546,5.293,2.864,6.596,1.639,1.661,0.685,1.95,岩手県内陸南部,奥州市水沢大鐘町2-16（水沢消防署）,39,7.8,141,8.3,199604011200,
47013,大崎市古川大崎,38.6022,140.9112,5弱,157.108,161.54,48.895,205.803,11.456,14.581,5.747,16.117,3.694,5.047,2.174,5.51,宮城県北部,大崎市古川大崎字富国263-1（宮城県古川農業試験場）,38,36.1,140,54.7,201210021200,
42210,柴田町船岡,38.0547,140.7626,5強,441.321,387.507,160.714,456.522,11.86,13.543,5.998,15.066,1.229,2.497,1.986,2.706,宮城県南部,柴田郡柴田町船岡西1-6-26（資料展示館思源閣）,38,3.3,140,45.8,199604011200,
47245,丸森町上滝,37.8692,140.7896,5弱,351.703,247.116,132.917,357.832,12.435,15.235,7.484,18.98,2.691,2.798,2.182,4.129,宮城県南部,伊具郡丸森町字上滝東23-1,37,52.2,140,47.4,199407151200,
42211,松島町高城,38.3853,141.0691,5強,197.426,161.182,132.663,221.148,15.305,21.989,6.743,25.183,2.714,5.279,1.301,5.506,宮城県中部,宮城郡松島町高城字町71（松島町勤労青少年ホーム）,38,23.1,141,4.1,201003311300,
47243,仙台青葉区大倉,38.3679,140.6602,5弱,254.594,194.118,70.1,296.658,10.155,8.36,5.712,10.993,3.334,2.065,1.849,3.884,宮城県中部,仙台市青葉区大倉字高見沢26,38,22.1,140,39.6,199407151200,
47590,仙台宮城野区五輪,38.2622,140.8968,5強,179.645,177.938,95.521,193.232,17.004,17.593,8.715,19.122,3.88,5.484,3.121,6.533,宮城県中部,仙台市宮城野区五輪1-3-15（仙台管区気象台）,38,15.7,140,53.8,19261001    ,
47592,石巻市泉町,38.4277,141.2994,5弱,176.664,156.543,72.947,183.826,11.145,7.163,4.202,12.185,2.745,1.697,1.446,3.329,宮城県中部,石巻市泉町4-1-18（石巻特別地域気象観測所）,38,25.7,141,18.0,188801      ,
41212,湯沢市沖鶴,39.174,140.4796,3,24.847,22.317,11.523,27.448,3.696,3.596,1.653,4.3,1.058,1.206,0.476,1.394,秋田県内陸南部,湯沢市沖鶴140（湯沢市総合体育館）,39,10.4,140,28.8,199604011200,
42222,遊佐町遊佐,39.012,139.9086,4,29.74,35.138,12.074,41.048,6.324,6.819,3.926,8.36,2.665,2.665,1.823,3.257,山形県庄内,飽海郡遊佐町遊佐字鶴田52-2（遊佐町生涯学習センター）,39,0.7,139,54.5,199604011200,
47587,酒田市亀ケ崎,38.9085,139.8435,4,32.575,34.576,11.341,37.391,7.346,6.536,4.149,7.412,4.955,2.625,2.41,5.159,山形県庄内,酒田市亀ケ崎1-4-14（酒田特別地域気象観測所）,38,54.5,139,50.6,200910011300,
47520,新庄市東谷地田町,38.7574,140.3122,4,47.422,50.366,24.295,50.694,5.663,6.534,4.324,7.595,3.712,3.473,2.032,4.041,山形県最上,新庄市東谷地田町6-4（新庄特別地域気象観測所）,38,45.4,140,18.7,1957        ,
42220,河北町谷地,38.4266,140.3136,4,99.377,104.322,38.858,131.168,10.154,11.754,3.946,12.451,5.037,3.858,2.18,5.384,山形県村山,西村山郡河北町谷地戊81（河北町剥製動物館）,38,25.6,140,18.8,199604011200,
41214,米沢市駅前,37.9125,140.1211,4,86.461,91.297,44.836,100.081,10.926,6.898,3.663,10.937,2.921,1.967,1.28,2.981,山形県置賜,米沢市駅前4-3-51（米沢市立第一中学校）,37,54.7,140,7.3,199604011200,
47017,米沢市アルカディア,37.9127,140.1436,5弱,125.443,107.595,41.681,132.635,9.683,6.276,3.66,9.691,2.127,1.895,1.321,2.153,山形県置賜,米沢市アルカディア１丁目808-60（上郷ふれあい公園）,37,54.8,140,8.6,201207031200,
47242,白鷹町黒鴨,38.2243,140.062,4,56.947,65.84,29.084,78.783,4.667,4.416,2.101,5.082,1.354,1.52,0.62,1.529,山形県置賜,西置賜郡白鷹町大字黒鴨字寺後443-2,38,13.5,140,3.7,199407151200,
41215,郡山市朝日,37.4009,140.36,6弱,313.349,495.969,115.722,536.66,25.1,41.949,8.911,49.213,3.705,4.491,1.304,5.723,福島県中通り,郡山市朝日1-23-7,37,24.1,140,21.6,199604011200,
47247,大玉村南小屋,37.56,140.3338,5強,267.338,387.472,188.278,388.002,20.536,26.9,18.453,30.43,3.079,3.356,3.173,4.515,福島県中通り,安達郡大玉村大山字南小屋147-1,37,33.6,140,20.0,201609161800,
47044,南相馬市鹿島区栃窪,37.7246,140.8874,5弱,336.72,311.766,188.281,361.78,13.526,11.486,5.569,16.97,2.546,3.034,1.613,4.152,福島県浜通り,南相馬市鹿島区栃窪今宮4（旧栃窪分校跡地）,37,43.5,140,53.2,201307301200,
47246,川内村下川内,37.3695,140.8712,5強,508.619,360.642,195.53,528.493,12.988,23.537,6.415,23.905,1.622,3.515,1.167,3.804,福島県浜通り,双葉郡川内村大字下川内字毛戸26-2,37,22.2,140,52.3,199407151200,
47598,いわき市小名浜,36.9479,140.9033,5弱,108.787,155.431,68.359,158.942,9.45,13.446,3.589,14.548,2.049,2.108,0.701,2.614,福島県浜通り,いわき市小名浜字船引場19（小名浜特別地域気象観測所）,36,56.9,140,54.2,192307      ,
42225,猪苗代町城南,37.5589,140.1049,5弱,132.775,104.853,54.101,161.963,16.722,12.052,6.982,17.619,3.385,3.691,1.215,4.445,福島県会津,耶麻郡猪苗代町字城南100,37,33.5,140,6.3,199604011200,
42302,常陸大宮市中富町,36.5427,140.4109,4,78.393,83.704,47.947,94.397,6.802,6.209,3.237,7.04,0.907,1.362,0.611,1.402,茨城県北部,常陸大宮市中富町3135-6（常陸大宮市役所）,36,32.6,140,24.7,200011301200,
42304,筑西市舟生,36.2509,139.9321,5弱,117.724,126.5,45.926,146.317,10.022,9.317,2.545,11.291,1.884,1.734,0.7,2.12,茨城県南部,筑西市舟生1040（筑西市役所関城支所）,36,15.1,139,55.9,199604011200,
42308,大田原市黒羽田町,36.8633,140.1216,4,86.372,86.116,46.212,128.693,5.767,9.217,3.449,9.426,0.621,1.515,0.843,1.519,栃木県北部,大田原市黒羽田町848（大田原市役所黒羽支所）,36,51.8,140,7.3,199604011200,
47052,浦安市日の出,35.6442,139.924,4,38.839,49.446,15.914,49.452,4.634,4.803,1.231,5.123,1.297,1.141,0.517,1.506,千葉県北西部,浦安市日の出4-1-1（浦安市日の出公民館）,35,38.7,139,55.4,201411271200,
47057,横浜鶴見区大黒ふ頭,35.4609,139.6735,-,21.515,15.985,7.387,22.146,3.81,3.553,0.9,4.313,1.848,1.242,0.432,1.874,,,,,,,,
42319,南魚沼市六日町,37.0656,138.876,4,36.804,49.713,6.383,50.918,5.693,10.945,0.814,10.992,1.075,2.38,0.206,2.426,新潟県中越,南魚沼市六日町180-1（南魚沼市役所）,37,3.9,138,52.6,199604011200,
41327,新潟秋葉区程島,37.7877,139.1121,4,36.527,23.959,8.295,37.227,6.43,6.526,1.939,6.836,1.549,2.156,0.772,2.245,新潟県下越,新潟市秋葉区程島2009（新潟市秋葉区役所）,37,47.3,139,6.7,199604011200,
47604,新潟中央区美咲町,37.8937,139.0188,4,25.225,25.163,11.093,26.67,5.418,5.028,2.281,5.64,1.618,1.879,1.434,2.001,新潟県下越,新潟市中央区美咲町1-2-1（新潟地方気象台）,37,53.6,139,1.1,201206291200,
47640,富士河口湖町船津,35.5008,138.7606,3,19.51,15.276,11.967,21.076,3.986,2.776,1.884,4.098,1.203,0.985,0.588,1.399,山梨県東部・富士五湖,南都留郡富士河口湖町船津1108-1（河口湖特別地域気象観測所）,35,30.0,138,45.6,200601051200,
47620,諏訪市湖岸通り,36.0461,138.1095,3,13.512,14.217,5.052,16.773,3.774,2.995,0.699,4.057,1.114,0.893,0.23,1.258,長野県中部,諏訪市湖岸通り5-2-11（諏訪特別地域気象観測所）,36,2.8,138,6.6,1945        ,
47429,渡島森町御幸町,42.1052,140.5766,2,5.18,4.146,2.741,5.591,1.441,1.159,0.764,1.615,0.896,0.722,0.333,0.955,渡島地方東部,茅部郡森町字御幸町144-1（森町役場）,42,6.3,140,34.6,201312041200,
47417,帯広市東４条,42.9226,143.2122,3,9.107,9.41,4.632,10.821,2.078,1.886,1.36,2.132,0.951,0.831,0.532,0.953,十勝地方中部,帯広市東4条南9-2-1（帯広測候所）,42,55.4,143,12.7,1894        ,
47575,青森市花園,40.822,140.7686,3,11.8,11.619,6.016,13.561,2.655,2.274,0.99,2.676,0.944,0.761,0.226,1.011,青森県津軽北部,青森市花園1-17-19（青森地方気象台）,40,49.3,140,46.1,1882        ,
41201,弘前市和田町,40.6114,140.4553,2,4.999,5.353,2.928,6.396,1.261,1.686,0.785,1.808,0.626,1.074,0.322,1.115,青森県津軽南部,弘前市大字和田町6-10（弘前地域気象観測所）,40,36.7,140,27.3,199604011200,
47009,弘前市弥生,40.6519,140.359,2,5.794,6.77,4.647,6.806,1.927,2.223,1.142,2.385,0.994,1.273,0.586,1.442,青森県津軽南部,弘前市大字百沢字東岩木山2524-1（弥生いこいの広場）,40,39.1,140,21.5,201207031200,
42204,五戸町古舘,40.5313,141.3079,4,35.814,38.222,19.544,45.069,4.176,4.335,2.313,4.637,1.269,1.607,0.792,1.796,青森県三八上北,三戸郡五戸町字古舘21-1（五戸町役場）,40,31.9,141,18.5,199604011200,
47007,東通村砂子又蒲谷地,41.2653,141.3374,3,14.689,12.542,10.029,16.089,1.653,1.804,1.085,2.007,0.39,0.412,0.224,0.452,青森県下北,下北郡東通村砂子又字蒲谷地4-7,41,15.9,141,20.2,201207031200,
47576,むつ市金曲,41.2834,141.2114,3,16.749,14.924,5.929,19.889,2.405,3.015,1.054,3.059,0.86,1.004,0.443,1.004,青森県下北,むつ市金曲1-8-3（むつ特別地域気象観測所）,41,17.0,141,12.7,1935        ,
41204,久慈市川崎町,40.1894,141.7754,4,33.337,44.213,15.109,45.404,4.22,5.552,1.356,5.556,1.044,1.098,0.404,1.208,岩手県沿岸北部,久慈市川崎町1-1（久慈市役所）,40,11.4,141,46.5,199604011200,
47010,久慈市枝成沢,40.2056,141.7098,4,65.895,51.622,20.179,67.822,4.355,3.096,1.94,4.692,0.631,0.595,0.472,0.712,岩手県沿岸北部,久慈市枝成沢第19地割76（久慈市立中央公民館枝成沢分館）,40,12.3,141,42.6,201210021200,
41203,二戸市福岡,40.2722,141.3037,3,25.394,23.351,10.27,30.608,2.285,2.965,1.333,3.099,0.524,1.1,0.377,1.106,岩手県内陸北部,二戸市福岡字下川又15（福岡小学校）,40,16.3,141,18.2,201003311300,
42205,雫石町千刈田,39.6968,140.9759,3,32.104,33.412,15.915,36.484,2.791,2.263,1.735,3.138,0.739,0.611,0.344,0.745,岩手県内陸北部,岩手郡雫石町千刈田5-4（雫石町勤労青少年ホーム）,39,41.8,140,58.6,201003311300,
42206,八幡平市大更,39.9263,141.0951,4,44.643,46.55,26.824,48.699,4.124,4.233,1.832,4.883,0.678,0.614,0.286,0.89,岩手県内陸北部,八幡平市大更第35地割62（八幡平市役所西根総合支所）,39,55.6,141,5.7,199604011200,
47011,雫石町西根上駒木野,39.7415,140.9527,3,17.316,20.115,12.112,21.152,2.971,2.501,1.799,3.191,0.842,0.733,0.549,0.977,岩手県内陸北部,岩手郡雫石町西根上駒木野320-2（町立西根小学校）,39,44.5,140,57.2,201207031200,
47235,葛巻町葛巻元木,39.9872,141.3259,3,31.33,38.854,11.072,43.568,1.41,2.463,1.706,2.534,0.222,0.688,0.382,0.722,岩手県内陸北部,岩手郡葛巻町葛巻第39地割字元木218,39,59.2,141,19.6,199407151200,
41206,北上市柳原町,39.2929,141.1095,4,70.514,72.455,54.579,87.273,4.958,4.17,2.279,5.057,0.85,0.886,0.426,1.015,岩手県内陸南部,北上市柳原町2-3-6（北上消防署）,39,17.6,141,6.6,199604011200,
41208,気仙沼市赤岩,38.8806,141.5743,4,122.97,124.327,47.563,171.847,5.092,4.99,2.458,6.747,0.633,0.686,0.442,0.779,宮城県北部,気仙沼市赤岩五駄鱈43-2（気仙沼・本吉広域防災センター）,38,52.8,141,34.5,199604011200,
42214,栗原市栗駒,38.8266,140.9923,5弱,192.976,231.703,78.328,247.103,8.845,7.582,3.498,8.96,1.256,1.129,1.303,1.657,宮城県北部,栗原市栗駒岩ヶ崎松木田79（みちのく伝創館）,38,49.6,140,59.5,199604121500,
42215,南三陸町志津川,38.6799,141.4607,4,117.3,127.993,89.841,143.506,4.678,5.774,4.01,6.1,0.772,1.1,0.769,1.435,宮城県北部,本吉郡南三陸町志津川字沼田56-2（南三陸町仮庁舎）,38,40.8,141,27.6,201206281200,
47244,石巻市大瓜,38.4574,141.3457,4,123.833,163.398,97.598,169.396,3.097,6.885,6.421,7.525,0.855,1.377,1.312,1.744,宮城県中部,石巻市大瓜字鷲ノ巣42-2,38,27.4,141,20.7,199407151200,
41210,能代市緑町,40.1989,140.033,3,11.437,10.294,4.064,14.361,2.528,2.383,1.081,2.863,1.13,1.317,0.529,1.48,秋田県沿岸北部,能代市緑町2-22（能代山本広域市町村圏組合消防本部）,40,11.9,140,2.0,199604011200,
47015,能代市常盤山谷,40.2718,140.1612,3,10.363,7.936,6.091,10.448,2.796,2.778,1.56,3.063,1.453,1.447,0.428,1.58,秋田県沿岸北部,能代市常盤字小宮田23,40,16.3,140,9.7,201207031200,
41211,由利本荘市石脇,39.3988,140.0469,3,15.964,18.242,7.745,21.564,2.495,2.36,1.353,2.756,0.676,0.754,0.522,0.82,秋田県沿岸南部,由利本荘市石脇字下長老沼96-8,39,23.9,140,2.8,199604011200,
47352,秋田市雄和女米木,39.5424,140.2053,3,19.727,22.166,12.567,24.61,2.556,2.87,1.752,3.111,0.897,0.774,0.702,1.065,秋田県沿岸南部,秋田市雄和女米木字高麗沢地内,39,32.5,140,12.3,199604011200,
47582,秋田市山王,39.7179,140.0995,3,14.677,17.928,6.233,20.325,2.632,3.731,1.084,3.876,1.167,1.455,0.453,1.668,秋田県沿岸南部,秋田市山王7-1-4（秋田地方気象台）,39,43.1,140,6.0,1921        ,
42216,北秋田市花園町,40.226,140.3707,3,10.583,11.212,5.039,11.598,1.616,1.84,0.875,1.913,0.535,0.595,0.358,0.64,秋田県内陸北部,北秋田市花園町19-1（北秋田市役所）,40,13.6,140,22.2,199604011200,
42218,仙北市角館町中菅沢,39.5902,140.5671,3,13.398,17.775,11.39,18.976,1.43,2.292,1.227,2.313,0.566,0.58,0.309,0.632,秋田県内陸南部,仙北市角館町中菅沢91-1（仙北市立角館こども園）,39,35.4,140,34.0,202010291200,
42219,横手市雄物川町今宿,39.2909,140.4298,3,22.858,20.227,14.205,23.101,3.27,3.846,1.764,3.977,1.372,1.043,0.451,1.373,秋田県内陸南部,横手市雄物川町今宿字鳴田1（横手市役所雄物川庁舎）,39,17.5,140,25.8,199604011200,
41213,鶴岡市馬場町,38.7271,139.8274,3,18.398,15.103,11.491,21.383,3.177,2.386,1.389,3.346,0.994,0.893,0.483,1.192,山形県庄内,鶴岡市馬場町9-25（鶴岡市役所）,38,43.6,139,49.6,199604011200,
47016,遊佐町小原田,39.0162,139.9306,3,15.827,14.383,11.046,19.136,3.39,3.453,3.326,4.244,2.349,1.68,1.713,2.734,山形県庄内,飽海郡遊佐町小原田字北川原18-1（サン・スポーツランド遊佐）,39,1.0,139,55.8,201207031200,
47240,山形金山町中田,38.9215,140.3562,3,12.684,12.6,11.559,13.486,1.828,1.744,1.158,1.998,0.683,0.748,0.51,0.868,山形県最上,最上郡金山町大字中田字杉沢325-4,38,55.3,140,21.4,199407151200,
47588,山形市緑町,38.2562,140.3459,4,54.554,61.775,48.111,64.335,4.01,5.229,3.813,6.143,1.863,2.273,1.465,2.954,山形県村山,山形市緑町1-5-77（山形地方気象台）,38,15.4,140,20.8,189001      ,
42221,山形小国町岩井沢,38.0562,139.7478,4,47.105,34.163,29.13,48.355,4.288,4.176,2.669,4.748,0.826,1.439,0.735,1.447,山形県置賜,西置賜郡小国町大字岩井沢704（おぐに開発総合センター）,38,3.4,139,44.9,199604011200,
42226,棚倉町棚倉中居野,37.0292,140.3802,5弱,213.577,221.82,70.849,252.639,11.444,10.324,3.754,13.218,0.879,1.359,0.967,1.583,福島県中通り,東白川郡棚倉町大字棚倉字中居野33,37,1.8,140,22.8,199604011200,
42227,田村市船引町,37.4401,140.5765,5強,491.735,514.668,120.405,630.874,15.128,22.8,10.357,23.0,1.512,1.479,2.235,2.575,福島県中通り,田村市船引町船引字畑添76-2（田村市役所）,37,26.4,140,34.6,201503191200,
47018,古殿町松川横川,37.0909,140.5611,4,118.061,128.656,76.896,171.382,4.144,6.329,3.306,7.065,0.871,0.91,0.841,1.102,福島県中通り,石川郡古殿町大字松川字横川476(古殿町民運動場）,37,5.5,140,33.7,201207031200,
47597,白河市郭内,37.1322,140.2155,5弱,183.167,262.872,68.499,283.265,9.55,14.881,5.476,15.026,1.519,1.993,1.046,2.054,福島県中通り,白河市字郭内1-136（白河特別地域気象観測所）,37,7.9,140,12.9,194101      ,
47374,いわき市三和町,37.1048,140.7983,5強,288.661,289.567,80.9,314.783,14.999,15.39,4.091,15.547,1.219,1.579,0.794,1.606,福島県浜通り,いわき市三和町合戸字内畑280（水石山公園）,37,6.3,140,47.9,200707021200,
42224,西会津町野沢,37.5871,139.6487,4,37.088,43.273,19.434,51.641,3.982,3.851,1.93,4.258,1.066,1.183,0.675,1.323,福島県会津,耶麻郡西会津町野沢字下小屋上乙3308（西会津町役場）,37,35.2,139,38.9,201903141200,
47570,会津若松市材木町,37.4884,139.9104,4,59.808,50.706,19.242,60.306,5.058,4.123,2.579,5.531,1.177,1.5,0.83,1.633,福島県会津,会津若松市材木町1-9-49（若松特別地域気象観測所）,37,29.3,139,54.6,201201051200,
47629,水戸市金町,36.3816,140.468,4,119.74,187.819,67.024,189.305,5.537,6.786,2.571,6.944,1.015,1.092,0.555,1.143,茨城県北部,水戸市金町1-4-6（水戸地方気象台）,36,22.9,140,28.1,201003311300,
41301,坂東市岩井,36.0407,139.8832,4,52.189,49.246,52.943,62.089,3.261,3.682,1.602,3.898,1.13,1.123,0.526,1.376,茨城県南部,坂東市岩井5119（坂東市立岩井図書館）,36,2.4,139,53.0,199604011200,
41302,土浦市常名,36.1041,140.1894,5弱,174.252,234.267,77.011,237.435,5.639,6.245,2.242,6.742,0.646,0.919,0.336,1.047,茨城県南部,土浦市常名3090（土浦市立都和南小学校）,36,6.2,140,11.4,200804011200,
42301,茨城鹿嶋市鉢形,35.9665,140.6464,4,105.307,95.364,44.125,120.792,3.971,5.341,1.745,5.534,1.235,1.759,0.67,1.797,茨城県南部,鹿嶋市鉢形1527-4,35,58.0,140,38.8,201503261200,
42303,鉾田市鉾田,36.1586,140.5166,4,89.399,95.091,49.9,105.968,4.28,5.169,1.948,5.282,0.673,0.998,0.336,1.11,茨城県南部,鉾田市鉾田1444-1（鉾田市役所）,36,9.5,140,31.0,199604011200,
42305,利根町布川,35.8578,140.1391,4,40.57,38.343,25.408,40.997,4.079,2.861,1.486,4.139,0.912,0.811,0.389,0.946,茨城県南部,北相馬郡利根町大字布川841-1（利根町役場）,35,51.5,140,8.3,199604011200,
47020,潮来市堀之内,35.9659,140.5259,4,81.156,83.477,30.163,88.219,3.851,5.14,1.813,5.229,1.324,2.094,0.566,2.144,茨城県南部,潮来市堀之内1009（牛堀中学校）,35,58.0,140,31.6,201207031200,
41303,日光市瀬川,36.7346,139.6882,4,77.883,81.103,26.711,81.967,3.662,2.79,1.265,3.823,0.507,0.422,0.325,0.617,栃木県北部,日光市瀬川227（日光市立今市第二小学校）,36,44.1,139,41.3,200211121200,
47256,那須塩原市蟇沼,36.9715,139.9164,4,53.871,42.878,37.119,54.716,2.923,3.866,2.794,4.745,0.708,0.907,0.56,0.978,栃木県北部,那須塩原市蟇沼字原山2-4（北那須水道事務所折戸調整池）,36,58.3,139,55.0,199407151200,
42307,那須烏山市中央,36.6592,140.1518,5弱,178.31,138.272,48.496,181.391,6.873,6.31,1.959,8.459,0.632,0.795,0.511,0.819,栃木県南部,那須烏山市中央1-18-39（那須烏山市立図書館烏山図書館）,36,39.6,140,9.1,199604011200,
47615,宇都宮市明保野町,36.5498,139.8683,4,144.612,129.543,40.569,147.665,5.69,4.863,1.807,6.442,0.87,0.525,0.419,0.876,栃木県南部,宇都宮市明保野町1-4（宇都宮地方気象台）,36,33.0,139,52.1,19200101    ,
42310,板倉町板倉,36.2249,139.6015,4,60.029,55.12,27.826,62.214,3.076,3.305,1.695,3.849,0.615,0.853,0.327,0.88,群馬県南部,邑楽郡板倉町板倉2682-1（板倉町役場）,36,13.5,139,36.1,201903271200,
41310,久喜市下早見,36.0595,139.6669,4,70.194,99.142,25.361,100.141,3.893,3.99,1.492,4.061,1.546,1.272,0.497,1.625,埼玉県北部,久喜市下早見字仏供田184-1,36,3.6,139,40.0,199604011200,
42311,鳩山町大豆戸,35.9814,139.3341,3,27.216,24.27,15.524,31.713,2.389,2.287,1.218,2.41,0.565,0.439,0.446,0.615,埼玉県北部,比企郡鳩山町大字大豆戸184-16（鳩山町役場）,35,58.9,139,20.0,199604011200,
47626,熊谷市桜町,36.1504,139.3807,3,30.978,25.053,12.013,31.949,2.625,2.815,1.007,2.855,0.593,0.726,0.428,0.823,埼玉県北部,熊谷市桜町1-6-10（熊谷地方気象台）,36,9.0,139,22.8,18970101    ,
41308,さいたま浦和区高砂,35.8582,139.6485,3,34.67,33.681,21.84,40.03,2.964,2.715,0.933,3.015,0.891,0.844,0.459,1.061,埼玉県南部,さいたま市浦和区高砂3-15-135（埼玉県庁）,35,51.5,139,38.9,199604011200,
41309,川越市旭町,35.9003,139.4731,3,41.878,31.119,16.472,43.243,1.761,3.22,0.858,3.453,0.623,0.846,0.407,0.914,埼玉県南部,川越市旭町2-3-7（市立川越高校）,35,54.0,139,28.4,199604011200,
47641,秩父市上町,35.9897,139.0738,3,30.886,30.615,12.913,32.202,2.174,2.112,0.979,2.182,0.438,0.324,0.415,0.541,埼玉県秩父,秩父市上町3-21-38（秩父特別地域気象観測所）,35,59.4,139,4.4,200001121200,
41313,香取市佐原平田,35.8864,140.5066,4,64.592,70.74,29.215,79.363,5.042,4.457,1.878,5.062,1.28,1.975,0.527,1.995,千葉県北東部,香取市佐原イ平田2433（千葉県立佐原高等学校）,35,53.2,140,30.4,201201051200,
41315,東金市東新宿,35.5607,140.3681,3,35.479,40.93,10.186,45.517,2.433,3.488,0.931,3.569,1.038,1.23,0.527,1.271,千葉県北東部,東金市東新宿1-3（東金北公園）,35,33.6,140,22.1,199604011200,
42313,多古町多古,35.7354,140.4675,4,42.104,42.777,19.086,48.313,3.671,3.989,1.215,4.049,0.811,0.861,0.393,0.932,千葉県北東部,香取郡多古町多古584（多古町役場）,35,44.1,140,28.0,199604011200,
42314,一宮町一宮,35.3718,140.3684,3,22.908,24.881,7.557,27.12,2.508,2.201,0.862,2.526,0.969,1.036,0.382,1.068,千葉県北東部,長生郡一宮町一宮字反町2464-1,35,22.3,140,22.1,201402281200,
47021,山武市松尾町富士見台,35.6426,140.4483,3,35.445,41.72,19.965,41.971,2.503,2.644,1.275,2.899,0.832,1.141,0.588,1.31,千葉県北東部,山武市松尾町富士見台208-176（松尾運動公園第２駐車場）,35,38.6,140,26.9,201210021200,
47263,長南町総合グラウンド,35.3842,140.2355,3,30.213,28.603,11.305,32.149,2.668,2.13,0.895,2.765,0.911,0.969,0.457,1.005,千葉県北東部,長生郡長南町長南2148-2（長南町総合グラウンド）,35,23.1,140,14.1,201904131200,
41311,柏市旭町,35.86,139.9587,4,61.598,64.445,30.785,73.133,3.282,3.639,1.029,3.769,0.697,0.802,0.445,0.821,千葉県北西部,柏市旭町7-4-81（気象大学校）,35,51.6,139,57.5,199907211200,
41312,成田市名古屋,35.8633,140.3619,4,70.322,60.76,40.779,71.269,3.477,3.021,1.585,3.635,0.771,1.14,0.399,1.268,千葉県北西部,成田市名古屋1214（成田市立下総みどり学園）,35,51.8,140,21.7,201807121200,
47051,千葉美浜区ひび野,35.6438,140.0402,4,56.979,68.528,13.587,68.942,5.067,5.252,0.865,5.737,1.274,0.988,0.437,1.335,千葉県北西部,千葉市美浜区ひび野2-116（千葉県立幕張海浜公園管理事務所）,35,38.6,140,2.4,201411271200,
47682,千葉中央区中央港,35.6027,140.1046,4,30.737,33.427,20.757,44.593,3.453,4.707,1.931,5.466,0.931,1.664,0.617,1.695,千葉県北西部,千葉市中央区中央港1-12-2（千葉特別地域気象観測所）,35,36.2,140,6.3,201105121300,
47686,成田国際空港,35.7747,140.3823,4,68.603,64.625,28.545,80.131,3.374,3.559,1.481,4.209,0.856,0.962,0.56,1.239,千葉県北西部,成田市古込字込前175-3（空港気象ドップラーレーダー局舎）,35,46.5,140,22.9,200804011200,
41314,木更津市太田,35.3786,139.9448,3,13.908,18.543,6.071,19.171,2.389,3.013,1.012,3.292,0.92,1.043,0.599,1.24,千葉県南部,木更津市太田4-6（根田公園）,35,22.7,139,56.7,200608281200,
47373,南房総市上堀,35.0353,139.8874,3,8.097,8.715,7.598,9.155,2.079,1.961,1.644,2.406,1.074,1.237,0.75,1.273,千葉県南部,南房総市上堀10-2（上堀農村公園）,35,2.1,139,53.2,200707021200,
47672,館山市長須賀,34.9871,139.8654,3,17.508,16.156,7.013,19.202,2.584,2.715,1.158,2.82,1.048,1.063,0.399,1.198,千葉県南部,館山市長須賀76-1（館山特別地域気象観測所）,34,59.2,139,51.9,20090319    ,
41317,東京江戸川区中央,35.7071,139.8687,4,54.646,60.457,23.859,62.652,3.557,4.151,1.236,4.237,0.98,0.971,0.427,1.08,東京都２３区,江戸川区中央1-4-1（江戸川区役所）,35,42.4,139,52.1,199604011200,
41318,東京杉並区阿佐谷,35.7,139.6366,3,15.628,27.386,10.705,27.568,1.84,2.573,1.038,3.084,0.926,1.05,0.58,1.06,東京都２３区,杉並区阿佐谷南1-15-1（杉並区役所）,35,42.0,139,38.2,200604031200,
47053,東京墨田区横川,35.7039,139.815,3,21.374,21.329,11.722,22.189,2.062,3.081,0.93,3.544,0.798,0.66,0.392,0.895,東京都２３区,墨田区横川4-6-6（本所消防署）,35,42.2,139,48.9,201411271200,
47054,東京江東区青海,35.6168,139.7812,3,23.654,22.622,10.027,24.443,3.109,3.202,0.881,3.367,1.527,0.962,0.357,1.539,東京都２３区,江東区青海2-5-18（国土交通省青海総合庁舎）,35,37.0,139,46.9,201411271200,
47055,東京新宿区西新宿,35.6907,139.6953,3,14.633,16.513,8.728,16.623,1.621,1.844,0.973,1.98,0.885,0.647,0.409,0.905,東京都２３区,新宿区西新宿1-24-2（工学院大学新宿キャンパス）,35,41.4,139,41.7,201411271200,
47056,東京港区海岸,35.6389,139.7529,3,25.914,28.219,12.824,28.683,2.473,2.63,0.856,2.7,1.052,0.781,0.401,1.069,東京都２３区,東京都港区海岸3-4-14（芝消防署芝浦出張所）,35,38.3,139,45.2,201411271200,
47662,東京千代田区大手町,35.689,139.7559,4,50.926,56.786,16.158,59.105,3.178,2.734,1.04,3.756,0.677,0.661,0.483,0.826,東京都２３区,千代田区大手町1-3-4（気象庁）,35,41.3,139,45.4,189801      ,
47671,東京国際空港,35.5542,139.7816,3,26.223,26.996,12.292,29.986,3.419,2.836,1.35,3.47,1.708,0.94,0.404,1.783,東京都２３区,大田区羽田空港3-3-1,35,33.3,139,46.9,201408051200,
41319,国分寺市戸倉,35.7114,139.4622,3,24.058,29.815,12.459,31.32,2.194,1.895,1.034,2.531,0.782,0.653,0.486,0.828,東京都多摩東部,国分寺市戸倉1-6-1（国分寺市役所）,35,42.7,139,27.7,200910151500,
41320,八王子市大横町,35.6645,139.3272,3,17.823,17.327,8.955,20.63,2.817,1.963,1.082,3.052,0.559,0.615,0.212,0.71,東京都多摩東部,八王子市大横町58-14（大横町公園）,35,39.9,139,19.6,199604011200,
41322,川崎中原区小杉陣屋町,35.5869,139.6551,3,25.811,26.289,10.918,31.88,2.035,2.737,1.142,2.783,0.96,0.843,0.648,0.988,神奈川県東部,川崎市中原区小杉陣屋町2-19-1（川崎市立西丸子小学校）,35,35.2,139,39.3,199604011200,
41325,茅ヶ崎市茅ヶ崎,35.3344,139.4032,3,23.881,27.743,9.686,28.817,2.717,2.797,0.89,2.939,0.726,0.673,0.257,0.848,神奈川県東部,茅ヶ崎市茅ヶ崎1-9-63（茅ヶ崎市体育館）,35,20.1,139,24.2,199604011200,
47670,横浜中区山手町,35.4398,139.6529,4,41.997,40.573,13.932,44.431,3.629,3.304,1.229,4.61,1.407,0.685,0.54,1.411,神奈川県東部,横浜市中区山手町99（横浜地方気象台）,35,26.4,139,39.2,189701      ,
41323,相模原中央区中央,35.5714,139.3741,3,27.451,27.331,14.383,29.189,1.998,2.595,1.488,2.702,0.9,0.721,0.486,1.019,神奈川県西部,相模原市中央区中央2-11-15（相模原市役所）,35,34.3,139,22.4,199604011200,
41324,秦野市曽屋,35.3799,139.2109,3,14.853,19.335,5.895,20.697,1.302,1.817,0.767,1.851,0.451,0.442,0.291,0.527,神奈川県西部,秦野市曽屋757（秦野市消防本部）,35,22.8,139,12.7,199604011200,
41328,長岡市幸町,37.4357,138.8407,2,5.187,4.982,3.397,6.623,1.946,1.306,1.147,1.968,0.937,0.826,0.539,0.972,新潟県中越,長岡市幸町2-1-1（さいわいプラザ）,37,26.1,138,50.4,199604011200,
41330,小千谷市城内,37.3125,138.7927,3,12.478,7.919,6.383,12.74,2.644,2.422,1.377,2.682,1.101,1.046,0.511,1.141,新潟県中越,小千谷市城内3-1-9（小千谷市消防本部）,37,18.8,138,47.6,199604011200,
47253,出雲崎町米田,37.5345,138.7064,3,18.141,9.972,6.832,19.869,2.224,2.693,1.207,2.962,1.019,1.105,0.563,1.181,新潟県中越,三島郡出雲崎町大字米田745（町立出雲崎中学校）,37,32.1,138,42.4,199407151200,
41326,村上市塩町,38.2286,139.4746,3,10.784,11.623,7.513,15.351,1.548,1.861,1.237,1.928,0.479,0.544,0.516,0.685,新潟県下越,村上市塩町5382-7（村上市上水道水源地）,38,13.7,139,28.5,199604011200,
42316,胎内市新和町,38.0596,139.4102,3,11.709,15.269,12.418,17.741,2.035,2.615,2.964,2.994,0.914,1.204,1.456,1.704,新潟県下越,胎内市新和町2-10（胎内市役所）,38,3.6,139,24.6,199604011200,
42317,五泉市村松乙,37.6934,139.1743,3,12.215,10.263,8.139,12.96,2.571,2.031,1.814,2.597,0.728,0.87,0.752,0.878,新潟県下越,五泉市村松乙130（五泉市村松支所）,37,41.6,139,10.5,201409181200,
42318,新潟西蒲区役所,37.7607,138.8894,3,15.058,12.513,5.845,15.73,4.199,4.057,1.216,4.267,1.584,2.152,0.559,2.195,新潟県下越,新潟市西蒲区巻甲2690-1（新潟市西蒲区役所）,37,45.6,138,53.4,199604011200,
41338,甲州市塩山下於曽,35.7003,138.7213,3,17.512,20.041,7.291,25.565,2.477,2.575,1.126,3.196,0.618,0.508,0.27,0.683,山梨県中・西部,甲州市塩山下於曽1704,35,42.0,138,43.3,199604011200,
47638,甲府市飯田,35.6674,138.5539,3,23.117,19.334,10.805,23.446,2.718,2.736,1.216,2.899,0.87,0.595,0.304,1.035,山梨県中・西部,甲府市飯田4-7-29（甲府地方気象台）,35,40.0,138,33.2,189601      ,
41337,大月市大月,35.6104,138.9409,3,15.772,21.159,14.416,22.162,1.494,1.476,0.845,1.944,0.601,0.414,0.225,0.603,山梨県東部・富士五湖,大月市大月2-7-43（大月東小学校）,35,36.6,138,56.5,199604011200,
47622,軽井沢町追分,36.3421,138.5472,3,13.575,16.592,7.832,17.071,1.562,2.254,0.987,2.51,0.562,0.63,0.326,0.675,長野県中部,北佐久郡軽井沢町追分1151-2（軽井沢特別地域気象観測所）,36,20.5,138,32.8,201612161200,
47271,泰阜村梨久保,35.3627,137.8593,2,5.925,4.567,3.169,6.125,1.32,0.669,0.71,1.435,0.411,0.329,0.437,0.581,長野県南部,下伊那郡泰阜村梨久保7278-93,35,21.8,137,51.6,199407151200,
47637,飯田市高羽町,35.5232,137.8226,3,10.292,11.365,4.406,12.34,1.541,2.082,0.709,2.143,0.573,0.609,0.272,0.646,長野県南部,飯田市高羽町6-1-5（飯田特別地域気象観測所）,35,31.4,137,49.4,201003311300,
41343,御殿場市萩原,35.3102,138.9304,4,22.527,15.144,9.077,24.102,4.142,3.699,1.897,4.667,1.265,0.898,0.466,1.321,静岡県東部,御殿場市萩原183-1（御殿場市民会館）,35,18.6,138,55.8,199604011200,
41346,富士宮市弓沢町,35.2232,138.621,3,16.869,18.936,4.675,21.029,1.366,1.758,0.836,1.816,0.484,0.57,0.322,0.586,静岡県東部,富士宮市弓沢町150（富士宮市役所）,35,13.4,138,37.3,201001051200,
47657,三島市東本町,35.1141,138.9257,3,11.566,11.778,5.022,12.645,1.587,1.718,0.473,1.881,0.422,0.45,0.174,0.539,静岡県東部,三島市東本町2-5-24（三島特別地域気象観測所）,35,6.8,138,55.5,200403011200,
41347,静岡清水区千歳町,35.0168,138.4848,3,7.824,10.112,2.603,10.161,1.117,1.574,0.46,1.615,0.487,0.432,0.211,0.508,静岡県中部,静岡市清水区千歳町1-1（浜田ポンプ場）,35,1.0,138,29.1,199604011200,
42341,愛西市稲葉町,35.1527,136.728,2,3.398,3.344,1.061,4.23,1.328,0.91,0.358,1.423,0.96,0.542,0.164,0.963,愛知県西部,愛西市稲葉町米野308（愛西市役所庁舎）,35,9.2,136,43.7,201505281200,
42101,石狩市花川,43.1714,141.3157,2,3.471,3.346,1.24,3.628,0.803,0.81,0.338,0.993,0.395,0.414,0.153,0.5,石狩地方北部,石狩市花川北6条1-30-2（石狩市役所）,43,10.3,141,18.9,199604011200,
47005,石狩市聚富,43.2753,141.4175,1,1.994,1.872,0.886,2.097,0.369,0.318,0.186,0.422,0.185,0.145,0.102,0.212,石狩地方北部,石狩市厚田区聚富256-56,43,16.5,141,25.1,201210021200,
41102,江別市高砂町,43.1037,141.5359,2,2.566,3.096,1.134,3.197,0.434,0.397,0.293,0.495,0.21,0.185,0.132,0.215,石狩地方中部,江別市高砂町6（江別市民会館）,43,6.2,141,32.2,199604011200,
47412,札幌中央区北２条,43.0604,141.3289,1,1.416,1.958,0.981,2.242,0.339,0.353,0.159,0.433,0.141,0.154,0.052,0.176,石狩地方中部,札幌市中央区北2条西18-2（札幌管区気象台）,43,3.6,141,19.7,1876        ,
41101,千歳市北栄,42.8259,141.6414,2,5.585,5.558,3.024,6.433,1.121,0.881,0.463,1.165,0.472,0.376,0.17,0.482,石狩地方南部,千歳市北栄1-10-2（北栄小学校）,42,49.6,141,38.5,199604011200,
47209,恵庭市漁平,42.8435,141.4459,2,1.902,2.581,1.44,2.765,0.397,0.389,0.242,0.44,0.156,0.155,0.086,0.188,石狩地方南部,恵庭市漁平（千歳川河川事務所漁川ダム管理支所）,42,50.6,141,26.8,199407151200,
47487,新千歳空港,42.7839,141.6788,2,6.804,6.306,3.387,6.826,1.072,1.163,0.33,1.328,0.366,0.388,0.155,0.432,石狩地方南部,千歳市美々新千歳空港内（新千歳航空測候所）,42,47.0,141,40.7,200707021200,
47212,八雲町上の湯,42.1193,140.3662,1,1.327,0.895,0.633,1.487,0.391,0.215,0.169,0.398,0.162,0.114,0.096,0.165,渡島地方北部,二海郡八雲町上の湯70,42,7.2,140,22.0,199802091100,
42115,七飯町桜町,41.9033,140.688,2,3.48,3.552,1.493,3.636,0.615,0.84,0.242,0.87,0.176,0.392,0.121,0.395,渡島地方東部,亀田郡七飯町桜町2-3-1（七飯消防署）,41,54.2,140,41.3,201412171200,
47430,函館市美原,41.8169,140.7541,2,3.405,3.939,1.436,3.962,0.625,0.623,0.311,0.742,0.228,0.195,0.146,0.284,渡島地方東部,函館市美原3-4-4（函館地方気象台）,41,49.0,140,45.2,201903261200,
42114,渡島松前町福山,41.43,140.1104,1,1.756,1.92,0.733,1.987,0.278,0.408,0.19,0.425,0.089,0.182,0.103,0.2,渡島地方西部,松前郡松前町字福山248（松前町役場）,41,25.8,140,6.6,199511251500,
47042,渡島松前町清部,41.5248,140.0069,1,0.874,1.045,0.523,1.237,0.243,0.265,0.162,0.283,0.091,0.15,0.087,0.159,渡島地方西部,松前郡松前町字清部441,41,31.5,140,0.4,201307301200,
47213,知内町小谷石,41.5322,140.414,1,2.188,1.828,1.019,2.209,0.388,0.466,0.263,0.502,0.182,0.318,0.146,0.325,渡島地方西部,上磯郡知内町字小谷石514,41,31.9,140,24.8,199802091100,
47428,檜山江差町姥神,41.8678,140.1251,2,2.536,2.387,1.837,2.991,0.613,0.78,0.436,0.885,0.255,0.297,0.12,0.358,檜山地方,檜山郡江差町字姥神町167（江差特別地域気象観測所）,41,52.1,140,7.5,1941        ,
42103,余市町朝日町,43.1952,140.7835,1,1.325,1.359,0.641,1.398,0.48,0.399,0.151,0.484,0.191,0.21,0.064,0.214,後志地方北部,余市郡余市町朝日町26（余市町役場）,43,11.7,140,47.0,199604011200,
47411,小樽市勝納町,43.1828,141.017,1,1.547,1.846,1.026,2.232,0.184,0.303,0.118,0.313,0.079,0.108,0.051,0.112,後志地方北部,小樽市勝納町16-13（小樽特別地域気象観測所）,43,11.0,141,1.0,1943        ,
47433,倶知安町南１条,42.9009,140.7573,2,2.846,2.371,1.42,3.251,0.753,0.741,0.204,0.817,0.29,0.27,0.066,0.317,後志地方東部,虻田郡倶知安町南1条東3-1（倶知安特別地域気象観測所）,42,54.1,140,45.4,1944        ,
42102,岩内町高台,42.98,140.515,1,1.569,1.672,0.912,2.052,0.757,0.771,0.294,0.835,0.407,0.425,0.127,0.431,後志地方西部,岩内郡岩内町字高台134番地1,42,58.8,140,30.9,201505281200,
47204,北竜町竜西,43.7454,141.7212,1,1.166,1.39,0.805,1.44,0.228,0.303,0.282,0.333,0.085,0.103,0.129,0.136,空知地方北部,雨竜郡北竜町字竜西,43,44.7,141,43.3,199407151200,
41104,滝川市大町,43.5574,141.9108,2,3.121,1.865,1.421,3.175,0.843,0.441,0.421,0.891,0.31,0.214,0.161,0.319,空知地方中部,滝川市大町1-2-15（滝川市役所）,43,33.4,141,54.6,199604011200,
47223,芦別市旭町,43.5068,142.2192,2,2.251,1.747,1.239,2.404,0.418,0.39,0.284,0.458,0.168,0.182,0.125,0.218,空知地方中部,芦別市旭町543,43,30.4,142,13.2,199407151200,
41103,夕張市若菜,43.0287,141.9654,1,1.385,1.515,1.031,1.693,0.403,0.315,0.206,0.412,0.151,0.102,0.087,0.153,空知地方南部,夕張市若菜2（ゆうばり文化スポーツセンター）,43,1.7,141,57.9,199604011200,
41105,美唄市西５条,43.3345,141.8468,2,2.396,2.845,1.248,3.166,0.466,0.45,0.219,0.492,0.123,0.148,0.07,0.159,空知地方南部,美唄市西5条南1-1-1（美唄市総合体育館）,43,20.1,141,50.8,200011301200,
47413,岩見沢市５条,43.2125,141.7856,2,2.356,3.147,1.622,3.34,0.671,0.645,0.356,0.732,0.296,0.212,0.161,0.338,空知地方南部,岩見沢市5条東15-7-7（岩見沢特別地域気象観測所）,43,12.8,141,47.1,1947        ,
47407,旭川市宮前１条,43.7577,142.373,1,1.435,1.14,0.81,1.482,0.315,0.341,0.179,0.389,0.126,0.146,0.079,0.158,上川地方中部,旭川市宮前1条3-3-15（旭川地方気象台）,43,45.5,142,22.4,200410011200,
41107,富良野市若松町,43.3457,142.3843,2,3.866,1.984,1.368,3.979,0.821,0.507,0.37,0.872,0.361,0.221,0.189,0.382,上川地方南部,富良野市若松町5-10（市立富良野図書館）,43,20.7,142,23.1,199604011200,
42104,上富良野町大町,43.4557,142.467,2,2.278,1.517,1.065,2.427,0.648,0.309,0.24,0.658,0.21,0.107,0.076,0.215,上川地方南部,空知郡上富良野町大町2-2-11（上富良野町役場）,43,27.3,142,28.0,199604011200,
47207,南富良野町幾寅,43.1664,142.5903,1,1.367,1.342,0.928,1.578,0.202,0.239,0.16,0.245,0.077,0.064,0.069,0.084,上川地方南部,空知郡南富良野町幾寅2209,43,10.0,142,35.4,199407151200,
47404,羽幌町南３条,44.3633,141.7008,1,1.138,0.978,0.652,1.306,0.389,0.337,0.193,0.459,0.175,0.139,0.075,0.184,留萌地方中北部,苫前郡羽幌町南3条4-1-1（羽幌特別地域気象観測所）,44,21.8,141,42.1,1921        ,
42105,美幌町東３条,43.8161,144.1033,2,3.343,2.83,1.702,3.517,0.717,0.56,0.322,0.727,0.217,0.225,0.132,0.251,網走地方,網走郡美幌町字東3条南5-1,43,49.0,144,6.2,201910241200,
42106,斜里町本町,43.9114,144.6711,1,1.601,1.757,0.964,1.857,0.653,0.55,0.232,0.666,0.277,0.253,0.095,0.301,網走地方,斜里郡斜里町本町12（斜里町役場）,43,54.7,144,40.3,199604011200,
42107,北見市留辺蘂町上町,43.7884,143.6153,1,1.284,1.691,0.766,1.861,0.128,0.156,0.093,0.161,0.046,0.05,0.044,0.063,北見地方,北見市留辺蘂町上町61（北見市留辺蘂総合支所）,43,47.3,143,36.9,199604011200,
47208,遠軽町丸瀬布金湧山,44.0092,143.3559,1,1.528,1.236,0.566,1.714,0.25,0.174,0.143,0.29,0.099,0.077,0.067,0.106,紋別地方,紋別郡遠軽町丸瀬布国有武利丸瀬布事業区26林班,44,0.6,143,21.4,199407151200,
41110,胆振伊達市梅本,42.4739,140.8761,2,3.146,3.646,1.92,4.106,0.826,0.752,0.328,0.91,0.38,0.298,0.129,0.382,胆振地方西部,伊達市梅本町67-7（だて歴史の杜総合公園）,42,28.4,140,52.6,199604011200,
42112,白老町大町,42.5512,141.3558,2,3.36,3.467,2.438,4.091,0.882,0.923,0.507,0.971,0.416,0.439,0.265,0.459,胆振地方中東部,白老郡白老町大町1-1-1（白老町役場）,42,33.1,141,21.4,199604011200,
47004,厚真町鹿沼,42.6226,141.9204,2,4.914,6.498,1.87,6.718,0.869,1.15,0.325,1.2,0.218,0.217,0.128,0.277,胆振地方中東部,勇払郡厚真町字鹿沼200-2,42,37.4,141,55.2,201210021200,
47215,登別市鉱山,42.4709,141.0346,1,2.985,2.575,0.942,3.268,0.154,0.221,0.1,0.236,0.056,0.081,0.047,0.083,胆振地方中東部,登別市鉱山町28-3,42,28.3,141,2.1,199407151200,
47424,苫小牧市末広町,42.6381,141.6124,2,5.559,4.388,1.883,5.693,0.985,0.93,0.371,1.089,0.332,0.483,0.175,0.499,胆振地方中東部,苫小牧市末広町3-9-30（苫小牧市消防署）,42,38.3,141,36.7,200411011200,
47216,平取町仁世宇,42.7811,142.3599,1,1.525,1.476,1.207,1.943,0.375,0.346,0.201,0.422,0.12,0.141,0.078,0.151,日高地方西部,沙流郡平取町字仁世宇16-2,42,46.9,142,21.6,199702031400,
42113,新ひだか町静内山手町,42.3448,142.3622,2,6.234,5.089,1.842,6.541,0.878,0.826,0.404,0.908,0.254,0.251,0.165,0.259,日高地方中部,日高郡新ひだか町静内山手町1-45,42,20.7,142,21.7,200801161500,
47003,新ひだか町静内御園,42.4099,142.4667,2,4.913,3.791,2.574,5.043,1.199,0.877,0.478,1.211,0.364,0.28,0.169,0.369,日高地方中部,日高郡新ひだか町静内御園587-1（家畜改良センター）,42,24.6,142,28.0,201207031200,
47217,えりも町本町,42.0174,143.1533,1,1.443,1.237,0.883,1.496,0.268,0.248,0.184,0.298,0.099,0.115,0.092,0.126,日高地方東部,幌泉郡えりも町字本町592-3（北大地殻変動観測所）,42,1.0,143,9.2,199407151200,
47372,浦河町野深,42.2826,142.7498,2,4.304,4.578,2.394,4.977,0.628,0.557,0.501,0.732,0.266,0.244,0.173,0.284,日高地方東部,浦河郡浦河町字野深405-75,42,17.0,142,45.0,200707021200,
47426,浦河町潮見,42.1625,142.7771,2,7.105,10.059,2.686,10.395,0.769,0.909,0.462,0.981,0.272,0.324,0.211,0.335,日高地方東部,浦河郡浦河町潮見町42-6（浦河特別地域気象観測所）,42,9.7,142,46.6,200910011300,
47218,足寄町上螺湾,43.2993,143.7656,2,4.054,6.341,1.63,6.579,0.223,0.346,0.141,0.356,0.088,0.098,0.068,0.115,十勝地方北部,足寄郡足寄町上螺湾278,43,18.0,143,45.9,199407151200,
42108,十勝清水町南４条,43.0115,142.8845,2,5.169,5.704,3.455,6.132,0.863,1.027,0.538,1.07,0.257,0.286,0.164,0.296,十勝地方中部,上川郡清水町南4条2-2（清水町役場）,43,0.7,142,53.1,199604011200,
42109,本別町北２丁目,43.1246,143.6111,2,6.274,5.679,8.3,8.997,0.489,0.491,0.408,0.545,0.157,0.218,0.129,0.224,十勝地方中部,中川郡本別町北2-4-1（本別消防署）,43,7.5,143,36.7,199604011200,
47219,幕別町忠類明和,42.6176,143.3604,1,1.855,1.871,1.493,2.199,0.395,0.301,0.316,0.407,0.191,0.142,0.134,0.192,十勝地方中部,中川郡幕別町忠類明和291-1,42,37.1,143,21.6,199407151200,
47002,広尾町白樺通,42.2913,143.2988,1,5.275,5.865,2.751,5.945,0.246,0.432,0.379,0.481,0.097,0.158,0.154,0.188,十勝地方南部,広尾郡広尾町白樺通南1丁目1番地内（コミュニティグリーンパーク）,42,17.5,143,17.9,201207031200,
47440,広尾町並木通,42.2948,143.3173,2,4.017,4.599,2.848,5.374,0.323,0.485,0.375,0.499,0.128,0.153,0.154,0.187,十勝地方南部,広尾郡広尾町並木通東1-15（広尾特別地域気象観測所）,42,17.7,143,19.0,19580101    ,
42110,弟子屈町美里,43.4809,144.4366,2,3.923,4.043,3.941,4.923,0.368,0.615,0.204,0.633,0.139,0.211,0.069,0.221,釧路地方北部,川上郡弟子屈町美里3-8-1（弟子屈消防署）,43,28.9,144,26.2,201706071200,
47001,浜中町湯沸,43.0828,145.1608,1,4.737,5.207,1.358,5.825,0.269,0.208,0.189,0.31,0.096,0.066,0.077,0.097,釧路地方中南部,厚岸郡浜中町湯沸6番地,43,5.0,145,9.6,201210021200,
47220,釧路市音別町尺別,42.9056,143.8312,2,4.741,3.373,2.271,4.858,0.443,0.449,0.211,0.52,0.174,0.183,0.084,0.232,釧路地方中南部,釧路市音別町尺別12-1,42,54.3,143,49.9,199407151200,
47222,厚岸町尾幌,42.9972,144.6926,1,3.722,3.687,1.795,4.495,0.246,0.386,0.288,0.45,0.114,0.174,0.129,0.196,釧路地方中南部,厚岸郡厚岸町尾幌2360,42,59.8,144,41.6,199407151200,
47418,釧路市幸町,42.9867,144.3782,2,7.297,6.401,2.32,7.665,0.385,0.346,0.137,0.433,0.121,0.089,0.062,0.14,釧路地方中南部,釧路市幸町10-3（釧路地方気象台）,42,59.2,144,22.7,200011301200,
47041,標津町古多糠,43.7756,145.0046,1,2.773,2.714,1.586,2.928,0.297,0.243,0.25,0.302,0.115,0.111,0.074,0.116,根室地方北部,標津郡標津町字古多糠678-2,43,46.5,145,0.3,201307301200,
47221,中標津町養老牛,43.5875,144.7151,1,6.251,5.645,1.716,7.114,0.192,0.186,0.061,0.194,0.033,0.037,0.026,0.042,根室地方北部,標津郡中標津町字養老牛（国有林根釧東部森林管理署454林班な小班）,43,35.3,144,42.9,199407151200,
47224,羅臼町春日,43.94,145.1201,1,1.745,2.117,0.7,2.202,0.112,0.108,0.077,0.116,0.035,0.035,0.028,0.046,根室地方北部,目梨郡羅臼町春日町33,43,56.4,145,7.2,199407151200,
42111,別海町常盤,43.3946,145.118,2,8.403,8.93,3.834,9.495,0.636,0.492,0.29,0.638,0.269,0.284,0.139,0.309,根室地方中部,野付郡別海町別海常盤町280（別海町役場）,43,23.7,145,7.1,199604011200,
47360,根室市豊里,43.3675,145.7388,1,2.545,2.017,1.12,2.667,0.122,0.099,0.075,0.145,0.027,0.029,0.018,0.034,根室地方南部,根室市豊里76-5,43,22.0,145,44.3,200707021200,
47420,根室市弥栄,43.331,145.5857,1,2.513,2.325,1.12,2.693,0.131,0.149,0.076,0.161,0.025,0.036,0.02,0.044,根室地方南部,根室市弥栄町1-18（根室特別地域気象観測所）,43,19.9,145,35.1,1880        ,
42201,平内町小湊,40.9255,140.9527,3,13.563,19.81,5.293,20.062,1.371,1.727,0.742,1.903,0.455,0.567,0.231,0.727,青森県津軽北部,東津軽郡平内町大字小湊字後萢20-2（町営野球場）,40,55.5,140,57.2,199604011200,
47229,五所川原市太田,41.0602,140.4077,2,4.115,2.912,1.706,4.174,0.668,0.606,0.397,0.813,0.184,0.259,0.151,0.292,青森県津軽北部,五所川原市太田太田山国有林524林班ろ1小班,41,3.6,140,24.5,199407151200,
42202,鰺ヶ沢町本町,40.7797,140.2083,2,3.632,4.372,3.016,4.772,0.921,1.194,0.646,1.458,0.451,0.621,0.197,0.709,青森県津軽南部,西津軽郡鰺ヶ沢町大字本町209-2（鰺ヶ沢町役場）,40,46.8,140,12.5,199604011200,
47231,深浦町長慶平,40.5955,140.0035,2,3.303,3.57,1.64,3.746,0.506,0.795,0.384,0.933,0.217,0.383,0.168,0.427,青森県津軽南部,西津軽郡深浦町大字長慶平字仁瀬4-1,40,35.7,140,0.2,199407151200,
47574,深浦町深浦岡町,40.6464,139.9334,2,3.544,5.146,2.01,5.593,0.694,1.065,0.459,1.078,0.264,0.539,0.171,0.555,青森県津軽南部,西津軽郡深浦町大字深浦字岡町210-3（深浦特別地域気象観測所）,40,38.8,139,56.0,200712051900,
42203,六ヶ所村尾駮,40.9669,141.3739,3,10.798,8.936,5.804,12.34,1.334,1.034,0.852,1.464,0.424,0.309,0.176,0.44,青森県三八上北,上北郡六ヶ所村大字尾駮字野附470-3地先（六ヶ所村役場）,40,58.0,141,22.4,199604011200,
47008,六ヶ所村出戸,41.0073,141.3664,2,6.232,6.511,2.96,6.918,0.683,0.882,0.403,0.976,0.203,0.223,0.109,0.26,青森県三八上北,上北郡六ヶ所村出戸字棚沢130-1（地域交流ホーム）,41,0.4,141,22.0,201207031200,
47230,七戸町北天間舘,40.7895,141.0647,2,3.698,4.942,2.455,5.185,0.539,0.977,0.376,1.032,0.159,0.547,0.157,0.563,青森県三八上北,上北郡七戸町字北天間舘国有林1427ろ林小班,40,47.4,141,3.9,199407151200,
47351,八戸市島守,40.3762,141.5117,3,15.415,20.949,5.335,20.98,0.999,1.545,0.608,1.604,0.245,0.465,0.195,0.502,青森県三八上北,八戸市南郷大字島守字外田山1,40,22.6,141,30.7,199604011200,
47581,八戸市湊町,40.5278,141.5217,3,32.438,36.339,19.188,39.826,1.049,1.425,0.774,1.512,0.16,0.31,0.208,0.312,青森県三八上北,八戸市大字湊町字館鼻67（八戸特別地域気象観測所）,40,31.7,141,31.3,200709131800,
47228,むつ市大畑町奥薬研,41.3847,141.0447,2,3.22,3.601,1.951,3.671,0.445,0.445,0.326,0.475,0.2,0.241,0.14,0.247,青森県下北,むつ市大畑町赤滝山国有林1066林班へ小班,41,23.1,141,2.7,199407151200,
42208,山田町八幡町,39.4676,141.9492,4,64.172,51.323,33.417,64.219,2.091,2.116,1.215,2.324,0.187,0.324,0.276,0.346,岩手県沿岸北部,下閉伊郡山田町八幡町3-20（山田町役場）,39,28.1,141,57.0,201108301200,
42209,岩手洋野町種市,40.4083,141.7185,3,34.889,26.157,17.228,36.305,2.143,1.813,1.249,2.244,0.268,0.332,0.281,0.441,岩手県沿岸北部,九戸郡洋野町種市第23地割27（洋野町役場種市庁舎）,40,24.5,141,43.1,199604011200,
47236,田野畑村田野畑,39.9416,141.8603,3,32.349,34.096,15.304,36.481,1.315,1.357,1.048,1.61,0.259,0.436,0.381,0.589,岩手県沿岸北部,下閉伊郡田野畑村田野畑414,39,56.5,141,51.6,199407151200,
47376,宮古市長沢,39.5767,141.8197,3,34.077,42.965,15.543,53.357,1.392,1.613,0.812,1.722,0.28,0.5,0.245,0.539,岩手県沿岸北部,宮古市長沢第2地割44,39,34.6,141,49.2,200707021200,
47585,宮古市鍬ヶ崎,39.6471,141.9657,3,42.728,70.024,21.567,73.953,1.498,1.733,0.865,1.878,0.165,0.354,0.229,0.376,岩手県沿岸北部,宮古市鍬ヶ崎下町2-33（宮古特別地域気象観測所）,39,38.8,141,57.9,192301      ,
41205,釜石市只越町,39.276,141.8856,4,91.917,122.739,34.822,123.242,1.907,2.325,1.732,2.453,0.214,0.341,0.288,0.425,岩手県沿岸南部,釜石市只越町3-9-13（釜石市役所）,39,16.6,141,53.1,199604011200,
47238,大船渡市猪川町,39.0833,141.6649,4,215.58,184.74,49.208,217.514,3.183,2.452,1.703,3.422,0.383,0.429,0.45,0.543,岩手県沿岸南部,大船渡市猪川町字西山5,39,5.0,141,39.9,199407151200,
47512,大船渡市大船渡町,39.0653,141.7146,4,97.173,127.36,32.377,139.524,3.219,4.059,1.618,4.623,0.336,0.59,0.376,0.626,岩手県沿岸南部,大船渡市大船渡町字赤沢17-3（大船渡特別地域気象観測所）,39,3.9,141,42.9,196307      ,
47584,盛岡市山王町,39.6987,141.1658,4,86.057,73.045,27.831,91.899,4.487,5.221,1.029,5.516,0.413,0.568,0.251,0.604,岩手県内陸北部,盛岡市山王町7-60（盛岡地方気象台）,39,41.9,141,9.9,19230901    ,
42207,一関市大東町,39.0171,141.3956,4,119.083,130.66,49.809,161.393,3.693,3.903,1.308,4.107,0.454,0.566,0.404,0.586,岩手県内陸南部,一関市大東町大原字川内96-1（一関市役所大東支所）,39,1.0,141,23.7,201503301200,
47237,花巻市大迫町,39.4779,141.2899,4,72.669,81.387,22.161,83.143,2.028,3.449,1.07,3.701,0.279,0.452,0.328,0.493,岩手県内陸南部,花巻市大迫町大迫9-63,39,28.7,141,17.4,199407151200,
47012,気仙沼市本吉町西川内,38.8108,141.4738,4,111.997,109.209,32.219,122.804,2.111,3.117,1.432,3.167,0.524,0.656,0.434,0.686,宮城県北部,気仙沼市本吉町西川内87-1,38,48.6,141,28.4,201210021200,
42217,五城目町西磯ノ目,39.9438,140.1111,3,18.496,16.01,4.343,21.248,1.659,1.959,0.736,1.981,0.496,0.506,0.269,0.602,秋田県沿岸北部,南秋田郡五城目町西磯ノ目1-1-1（五城目町役場）,39,56.6,140,6.7,199604011200,
47233,男鹿市男鹿中,39.9195,139.8066,2,4.636,6.883,2.407,7.209,1.225,1.141,0.429,1.358,0.654,0.414,0.192,0.701,秋田県沿岸北部,男鹿市男鹿中滝川三ツ森上台159-6,39,55.2,139,48.4,201203301200,
47232,大館市比内町味噌内,40.1916,140.6326,3,6.96,7.36,4.433,9.134,1.01,1.884,0.906,2.024,0.295,0.631,0.341,0.681,秋田県内陸北部,大館市比内町味噌内字二又沢47,40,11.5,140,38.0,199407151200,
47234,秋田美郷町六郷東根,39.3992,140.6301,3,23.466,29.623,20.694,32.008,2.773,2.666,2.088,3.582,0.622,0.657,0.533,0.818,秋田県内陸南部,仙北郡美郷町六郷東根字湯田沢,39,24.0,140,37.8,199407151200,
47241,鶴岡市温海川,38.5961,139.7104,3,25.591,29.202,13.361,29.385,2.805,2.608,1.24,3.082,0.464,0.804,0.418,0.84,山形県庄内,鶴岡市温海川字越沢,38,35.8,139,42.6,199407151200,
47249,酒田市飛島,39.1978,139.5531,2,4.547,5.553,5.845,6.878,0.721,1.061,0.642,1.246,0.314,0.277,0.177,0.355,山形県庄内,酒田市飛島字中村乙32-4,39,11.9,139,33.2,199407151200,
42223,南会津町田島,37.2002,139.7732,4,26.376,36.809,14.078,38.099,2.286,3.12,1.129,3.327,0.436,0.527,0.301,0.558,福島県会津,南会津郡南会津町田島字後原甲3531-1（南会津町役場）,37,12.0,139,46.4,201703081200,
47248,柳津町大成沢,37.4096,139.7011,3,37.577,23.735,14.304,38.033,1.859,1.39,0.947,1.935,0.478,0.366,0.341,0.491,福島県会津,河沼郡柳津町大字大成沢字下原180,37,24.6,139,42.1,199407151200,
47019,ひたちなか市山ノ上町,36.3405,140.5868,4,67.481,42.948,29.642,68.246,3.065,1.797,0.796,3.084,0.312,0.279,0.221,0.341,茨城県北部,ひたちなか市山ノ上町6488(那珂湊第一小学校）,36,20.4,140,35.2,201207031200,
47259,常陸太田市町屋町,36.614,140.5653,4,118.563,130.476,32.635,146.969,2.346,2.698,1.314,2.875,0.261,0.344,0.42,0.538,茨城県北部,常陸太田市町屋町字北沢2415-2,36,36.8,140,33.9,199407151200,
47628,石岡市柿岡,36.2342,140.1893,4,105.531,113.753,99.361,128.796,5.481,4.695,2.781,5.749,0.6,0.589,0.331,0.76,茨城県南部,石岡市柿岡595（地磁気観測所）,36,14.1,140,11.4,19260501    ,
47690,日光市中宮祠,36.7404,139.4957,3,13.928,15.385,8.65,17.562,0.891,1.023,0.7,1.247,0.208,0.272,0.231,0.296,栃木県北部,日光市中宮祠2478（日光市役所中宮祠出張所）,36,44.4,139,29.7,201003301100,
41304,栃木市旭町,36.3772,139.7363,4,89.229,66.388,19.36,97.402,2.127,2.349,0.982,2.717,0.38,0.282,0.205,0.455,栃木県南部,栃木市旭町33-1（栃木市図書館）,36,22.6,139,44.2,199604011200,
42306,益子町益子,36.4675,140.0931,4,45.065,70.521,19.562,79.067,2.424,4.139,1.239,4.375,0.337,0.442,0.285,0.5,栃木県南部,芳賀郡益子町大字益子2030（益子町役場）,36,28.0,140,5.6,199604011200,
41305,沼田市西倉内町,36.6461,139.0428,3,32.628,39.905,19.943,46.681,2.055,2.461,1.02,2.713,0.586,0.375,0.242,0.613,群馬県北部,沼田市西倉内町746（沼田小学校）,36,38.8,139,2.6,201003301100,
42309,東吾妻町原町,36.5714,138.8212,2,8.591,5.995,2.903,8.908,0.75,0.608,0.407,0.762,0.251,0.239,0.202,0.31,群馬県北部,吾妻郡東吾妻町大字原町5031,36,34.3,138,49.3,201903201200,
47257,中之条町日影,36.5647,138.6362,3,16.634,17.305,6.667,17.499,0.823,1.053,0.546,1.071,0.295,0.255,0.18,0.349,群馬県北部,吾妻郡中之条町大字日影132-2,36,33.9,138,38.2,199407151200,
47353,沼田市尾瀬高等学校,36.7301,139.2232,2,18.27,15.193,6.488,21.747,0.817,0.733,0.463,0.862,0.195,0.211,0.182,0.249,群馬県北部,沼田市利根町平川1435-1（群馬県立尾瀬高等学校）,36,43.8,139,13.4,202010291200,
41306,富岡市七日市,36.2639,138.8803,3,22.115,18.684,7.947,22.146,1.616,1.369,0.763,1.701,0.385,0.426,0.298,0.491,群馬県南部,富岡市七日市400-1（富岡市立図書館）,36,15.8,138,52.8,199604011200,
41307,桐生市織姫町,36.4055,139.3313,3,27.762,34.928,18.028,36.924,1.789,2.398,1.102,2.631,0.282,0.34,0.231,0.347,群馬県南部,桐生市織姫町1-1（桐生市役所）,36,24.3,139,19.9,199604011200,
47624,前橋市昭和町,36.4055,139.0608,3,22.701,24.621,13.001,28.877,1.669,1.837,0.858,2.099,0.598,0.504,0.324,0.67,群馬県南部,前橋市昭和町3-20-2（前橋地方気象台）,36,24.3,139,3.6,201602171200,
42312,本庄市児玉町,36.1907,139.1279,4,45.406,50.737,16.423,53.148,2.325,2.604,1.142,2.749,0.419,0.465,0.243,0.513,埼玉県北部,本庄市児玉町八幡山368（本庄市児玉総合支所）,36,11.4,139,7.7,201303261200,
47262,飯能市下直竹,35.8397,139.2787,2,11.752,13.564,5.526,13.789,0.778,0.775,0.351,0.846,0.229,0.165,0.139,0.242,埼玉県南部,飯能市大字下直竹38（南高麗小学校）,35,50.4,139,16.7,202003121200,
47261,小鹿野町両神薄,36.0202,138.8979,2,7.744,7.196,5.312,8.646,0.524,0.544,0.621,0.77,0.142,0.151,0.159,0.184,埼玉県秩父,秩父郡小鹿野町両神薄9233（旧出原分校）,36,1.2,138,53.9,199407151200,
47370,銚子市小畑新町,35.7211,140.8578,3,25.364,25.303,10.306,28.641,1.682,1.81,0.519,2.191,0.439,0.459,0.221,0.494,千葉県北東部,銚子市小畑新町8198-1（銚子市市民センター）,35,43.3,140,51.5,201903141200,
47648,銚子市川口町,35.7399,140.858,3,20.422,18.3,13.116,22.61,1.524,2.108,0.706,2.224,0.385,0.547,0.216,0.581,千葉県北東部,銚子市川口町2-6431（銚子地方気象台）,35,44.4,140,51.5,190401      ,
41316,鴨川市八色,35.114,140.0982,3,11.909,9.727,5.877,12.643,1.318,1.207,0.726,1.58,0.549,0.548,0.319,0.572,千葉県南部,鴨川市八色字長尾作9-1（鴨川市役所）,35,6.8,140,5.9,199604011200,
47022,鴨川市内浦,35.16,140.1991,2,5.17,5.023,2.58,5.286,1.01,0.957,0.434,1.316,0.53,0.426,0.19,0.659,千葉県南部,鴨川市内浦3231-6（千葉県立内浦山県民の森）,35,9.6,140,11.9,201210021200,
47674,勝浦市墨名,35.1507,140.3121,2,13.001,10.536,5.886,13.035,1.334,0.962,0.563,1.543,0.68,0.412,0.254,0.758,千葉県南部,勝浦市墨名708-1（勝浦特別地域気象観測所）,35,9.0,140,18.7,1926        ,
41321,青梅市東青梅,35.7888,139.2744,2,17.87,17.584,6.395,23.094,0.748,0.703,0.458,0.83,0.205,0.165,0.157,0.231,東京都多摩西部,青梅市東青梅1-10-8（青梅市役所）,35,47.3,139,16.5,199604011200,
47286,神津島村金長,34.1902,139.1338,2,2.676,3.784,1.865,3.869,0.534,0.564,0.222,0.566,0.209,0.296,0.096,0.297,神津島,神津島村字金長（神津島空港）,34,11.4,139,8.0,199205111200,
47675,伊豆大島町元町,34.7502,139.3553,2,6.916,5.616,3.41,7.219,0.568,0.707,0.364,0.744,0.326,0.24,0.151,0.363,伊豆大島,大島町元町1-1-14（大島町役場）,34,45.0,139,21.3,201003311300,
47023,東京利島村東山,34.5236,139.2883,2,7.406,5.463,2.815,7.882,0.588,0.632,0.323,0.681,0.273,0.324,0.146,0.352,新島,利島村字東山9号658-1,34,31.4,139,17.3,201207031200,
47024,新島村式根島,34.3347,139.2106,1,2.719,3.418,1.804,3.598,0.29,0.46,0.166,0.481,0.144,0.186,0.105,0.191,新島,新島村式根島910（ヘリポート）,34,20.1,139,12.6,201207031200,
47379,新島村大原,34.356,139.2741,2,5.218,6.405,3.518,6.518,0.56,0.584,0.305,0.791,0.206,0.259,0.106,0.278,新島,新島村大原291-4,34,21.4,139,16.4,201101061200,
47025,御蔵島村西川,33.8924,139.5907,2,8.758,10.214,5.132,11.761,0.333,0.364,0.213,0.39,0.098,0.123,0.087,0.125,三宅島,御蔵島村字西川233,33,53.5,139,35.4,201207031200,
47287,三宅村坪田,34.0605,139.5478,2,7.755,7.825,5.235,9.415,0.348,0.377,0.196,0.417,0.166,0.149,0.076,0.193,三宅島,三宅村坪田3007（三宅村坪田福祉会館）,34,3.6,139,32.9,201607281200,
47677,三宅村神着,34.1237,139.5214,2,8.356,8.127,5.831,8.681,0.405,0.403,0.175,0.44,0.098,0.125,0.079,0.135,三宅島,三宅村神着74（三宅島特別地域気象観測所）,34,7.4,139,31.3,201502191200,
47026,青ヶ島村,32.4637,139.7638,2,3.732,3.181,2.006,4.221,0.337,0.338,0.107,0.389,0.083,0.098,0.042,0.102,八丈島,青ヶ島村無番地（向沢浄水場）,32,27.8,139,45.8,201207031200,
47377,八丈町樫立,33.0723,139.7976,1,3.623,2.447,1.357,3.847,0.178,0.159,0.11,0.183,0.08,0.056,0.045,0.08,八丈島,八丈町樫立2035（旧八丈町立樫立小学校）,33,4.3,139,47.9,200904011200,
47678,八丈町三根,33.1136,139.792,2,4.962,8.11,3.921,8.265,0.309,0.357,0.206,0.409,0.152,0.099,0.055,0.184,八丈島,八丈町三根26（八丈町コミュニティセンター）,33,6.8,139,47.5,201003311300,
47289,小笠原村父島三日月山,27.0958,142.1846,1,0.88,1.374,0.54,1.394,0.063,0.079,0.037,0.084,0.012,0.017,0.009,0.018,小笠原,小笠原村父島字西町,27,5.7,142,11.1,199407151200,
47363,小笠原村母島,26.6329,142.1757,1,1.625,1.398,0.74,1.81,0.094,0.086,0.035,0.095,0.01,0.014,0.01,0.015,小笠原,小笠原村母島字中ノ平80,26,38.0,142,10.5,201303271200,
47264,横須賀市光の丘,35.2269,139.6629,3,15.178,18.067,7.914,19.019,1.108,1.308,0.849,1.515,0.577,0.483,0.357,0.66,神奈川県東部,横須賀市光の丘1-1（ＮＴＴ総合研究所）,35,13.6,139,39.8,199407151200,
42315,湯河原町中央,35.1479,139.1082,4,23.81,40.26,13.67,41.297,2.708,3.379,0.755,3.613,0.343,0.643,0.21,0.647,神奈川県西部,足柄下郡湯河原町中央2-2-1(湯河原町役場),35,8.9,139,6.5,201203281200,
47045,相模原緑区若柳,35.6019,139.2085,2,7.104,6.335,3.463,7.847,0.826,1.062,0.461,1.188,0.258,0.266,0.228,0.429,神奈川県西部,相模原市緑区若柳1432-2（相模湖林間公園）,35,36.1,139,12.5,201307301200,
47265,小田原市久野,35.2665,139.085,2,8.123,7.7,4.611,9.256,1.17,0.78,0.742,1.296,0.42,0.275,0.22,0.468,神奈川県西部,小田原市久野4870-105,35,16.0,139,5.1,199407151200,
41329,糸魚川市一の宮,37.0388,137.8633,2,2.755,3.54,1.937,3.956,0.782,0.656,0.485,0.796,0.311,0.33,0.17,0.338,新潟県上越,糸魚川市一の宮1-2-5（糸魚川市役所）,37,2.3,137,51.8,199604011200,
47612,上越市大手町,37.1068,138.2469,3,7.794,9.258,2.385,9.991,1.349,1.135,0.462,1.632,0.466,0.425,0.223,0.551,新潟県上越,上越市大手町9-15（高田特別地域気象観測所）,37,6.4,138,14.8,201410291200,
47255,魚沼市下折立,37.2086,139.0566,2,8.842,6.477,4.153,9.791,0.846,0.661,0.426,0.944,0.226,0.18,0.235,0.281,新潟県中越,魚沼市下折立33-1,37,12.5,139,3.4,201603291200,
47250,粟島浦村笹畑,38.4591,139.2467,2,4.702,4.72,7.714,8.637,0.563,0.804,0.701,1.001,0.237,0.478,0.388,0.636,新潟県下越,岩船郡粟島浦村字笹畑756-3,38,27.5,139,14.8,199407151200,
47252,阿賀野市畑江,37.8212,139.3142,2,8.055,6.042,5.587,8.566,1.197,0.885,1.211,1.802,0.489,0.385,0.623,0.804,新潟県下越,阿賀野市畑江23（五頭連峰少年自然の家）,37,49.3,139,18.9,199407151200,
47251,佐渡市相川金山,38.0401,138.2577,1,1.803,1.51,1.576,1.908,0.225,0.425,0.328,0.452,0.117,0.237,0.172,0.268,新潟県佐渡,佐渡市相川宗徳町1-1,38,2.4,138,15.5,199407151200,
47602,佐渡市相川三町目,38.0295,138.24,2,3.53,3.826,1.731,4.482,0.403,0.573,0.362,0.577,0.142,0.205,0.149,0.257,新潟県佐渡,佐渡市相川三町目新浜町3-3（相川特別地域気象観測所）,38,1.8,138,14.4,200709211800,
41331,魚津市釈迦堂,36.8265,137.4092,1,1.194,0.864,0.838,1.291,0.45,0.371,0.24,0.519,0.254,0.216,0.122,0.32,富山県東部,魚津市釈迦堂1-1001（市役所前公園）,36,49.6,137,24.6,199604011200,
42320,富山朝日町道下,36.9461,137.5596,1,1.705,2.094,0.919,2.128,0.39,0.385,0.391,0.495,0.263,0.172,0.185,0.327,富山県東部,下新川郡朝日町道下1133（朝日町役場）,36,56.8,137,33.6,199604011200,
42321,富山市八尾町福島,36.5855,137.1399,1,1.8,1.567,1.075,2.065,0.63,0.384,0.347,0.656,0.37,0.226,0.159,0.393,富山県東部,富山市八尾町福島151（八尾行政サービスセンター）,36,35.1,137,8.4,199604011200,
47272,立山町吉峰,36.6082,137.3304,1,1.547,1.184,0.965,1.594,0.378,0.336,0.212,0.418,0.192,0.18,0.12,0.204,富山県東部,中新川郡立山町大字吉峰野開字吉峰6-1（富山県農林水産総合技術センター森林研究所）,36,36.5,137,19.8,199407151200,
47607,富山市石坂,36.7096,137.2024,1,2.127,1.595,0.946,2.259,0.818,0.552,0.296,0.881,0.402,0.24,0.169,0.444,富山県東部,富山市石坂2415（富山地方気象台）,36,42.6,137,12.1,193301      ,
41332,小矢部市泉町,36.6725,136.8738,1,1.572,1.848,0.856,2.104,0.557,0.737,0.301,0.945,0.321,0.38,0.202,0.47,富山県西部,小矢部市泉町645（小矢部市立屋内スポーツセンター）,36,40.3,136,52.4,200304011200,
42322,南砺市天池,36.5383,136.884,1,1.332,1.015,0.719,1.46,0.337,0.331,0.26,0.374,0.2,0.168,0.108,0.204,富山県西部,南砺市天池99（砺波地域消防組合南砺消防署）,36,32.3,136,53.0,201503181200,
47606,高岡市伏木,36.7923,137.056,1,1.306,1.248,0.678,1.359,0.555,0.429,0.215,0.557,0.274,0.236,0.119,0.277,富山県西部,高岡市伏木古国府12-5（伏木特別地域気象観測所）,36,47.5,137,3.4,1886        ,
41333,七尾市本府中町,37.0327,136.9698,1,1.734,2.51,0.75,2.723,0.435,0.44,0.145,0.47,0.172,0.127,0.067,0.174,石川県能登,七尾市本府中町ヲ部38（七尾サンライフプラザ）,37,2.0,136,58.2,199604011200,
42325,能登町宇出津,37.3109,137.1473,2,3.267,3.765,0.636,3.802,0.566,0.496,0.233,0.598,0.21,0.143,0.104,0.213,石川県能登,鳳珠郡能登町字宇出津ト字50-1（能登町役場）,37,18.7,137,8.8,201912241200,
47600,輪島市鳳至町,37.3912,136.8952,2,5.059,4.861,1.615,6.325,0.825,0.96,0.263,0.971,0.234,0.228,0.103,0.234,石川県能登,輪島市鳳至町畠田99-3（輪島特別地域気象観測所）,37,23.5,136,53.7,201902201200,
42323,津幡町加賀爪,36.6691,136.7284,1,1.045,1.173,0.752,1.207,0.386,0.49,0.251,0.51,0.244,0.282,0.133,0.305,石川県加賀,河北郡津幡町加賀爪二-3（津幡町役場）,36,40.1,136,43.7,199604011200,
47605,金沢市西念,36.5892,136.6341,1,1.413,1.583,0.72,1.812,0.551,0.718,0.334,0.718,0.398,0.391,0.174,0.446,石川県加賀,金沢市西念3-4-1（金沢地方気象台）,36,35.4,136,38.0,1887        ,
47616,福井市豊島,36.0557,136.2226,1,1.807,2.168,0.463,2.193,0.445,0.325,0.218,0.445,0.144,0.127,0.101,0.148,福井県嶺北,福井市豊島2-5-2（福井地方気象台）,36,3.3,136,13.4,1887        ,
42327,高浜町宮崎,35.4881,135.5495,1,1.345,1.875,0.575,1.895,0.191,0.232,0.128,0.236,0.102,0.054,0.058,0.105,福井県嶺南,大飯郡高浜町宮崎75-12-1（高浜町立高浜小学校）,35,29.3,135,33.0,201001051200,
47631,敦賀市松栄町,35.6537,136.0623,2,1.997,1.94,0.457,2.424,0.386,0.275,0.157,0.459,0.181,0.093,0.089,0.202,福井県嶺南,敦賀市松栄町7-28（敦賀特別地域気象観測所）,35,39.2,136,3.7,18971001    ,
47268,身延町大磯小磯,35.5009,138.5414,3,9.744,13.971,5.126,15.482,1.296,1.26,0.722,1.422,0.359,0.369,0.227,0.463,山梨県中・西部,南巨摩郡身延町大磯小磯3656,35,30.1,138,32.5,199407151200,
42328,上野原市四方津,35.6134,139.0815,2,8.44,8.817,4.685,9.211,0.928,1.624,0.567,1.644,0.322,0.317,0.245,0.44,山梨県東部・富士五湖,上野原市四方津940-2（巌こども園）,35,36.8,139,4.9,201810011200,
41339,大町市役所,36.5024,137.8516,1,1.71,1.478,0.93,1.721,0.447,0.449,0.341,0.551,0.296,0.236,0.159,0.314,長野県北部,大町市大町3887（大町市役所）,36,30.1,137,51.1,199604011200,
42333,山ノ内町平穏,36.7446,138.4128,1,1.467,1.541,1.731,1.924,0.425,0.278,0.317,0.43,0.259,0.123,0.193,0.26,長野県北部,下高井郡山ノ内町大字平穏3352-1（山ノ内町役場）,36,44.7,138,24.8,199604011200,
47610,長野市箱清水,36.6627,138.1926,2,4.316,5.674,3.297,5.858,1.058,1.419,0.564,1.474,0.484,0.594,0.216,0.668,長野県北部,長野市箱清水1-8-18（長野地方気象台）,36,39.8,138,11.6,191601      ,
47685,長野市松代,36.5439,138.206,1,1.394,1.035,1.405,1.928,0.33,0.23,0.408,0.447,0.188,0.112,0.235,0.285,長野県北部,長野市松代町西条3511（松代地震観測所）,36,32.6,138,12.4,200312011200,
41340,上田市築地,36.3992,138.2081,3,6.87,7.45,2.819,8.191,1.121,1.0,0.458,1.389,0.306,0.268,0.223,0.37,長野県中部,上田市築地580番地（上田古戦場公園室内多目的運動場）,36,24.0,138,12.5,201312051200,
42329,佐久市下小田切,36.1932,138.4773,2,9.444,11.161,3.082,11.289,0.723,0.787,0.328,0.847,0.23,0.158,0.108,0.239,長野県中部,佐久市下小田切8-5,36,11.6,138,28.6,199604011200,
42332,安曇野市穂高支所,36.3385,137.8868,2,2.698,3.214,1.84,3.393,0.649,0.747,0.448,0.774,0.451,0.269,0.267,0.464,長野県中部,安曇野市穂高6658（安曇野市穂高支所）,36,20.3,137,53.2,201502181200,
42346,筑北村坂井,36.4503,138.0686,2,4.868,3.826,1.49,5.629,0.477,0.341,0.363,0.558,0.172,0.101,0.207,0.251,長野県中部,東筑摩郡筑北村坂井5687-2（筑北村坂井総合支所）,36,27.0,138,4.1,201003311300,
47618,松本市沢村,36.2467,137.9704,2,2.685,2.192,2.0,3.273,0.688,0.489,0.647,0.741,0.31,0.184,0.31,0.348,長野県中部,松本市沢村1-7-13（松本特別地域気象観測所）,36,14.8,137,58.2,200911061700,
42330,辰野町中央,35.9823,137.9876,2,3.331,3.143,1.944,3.815,0.497,0.537,0.391,0.704,0.206,0.168,0.145,0.24,長野県南部,上伊那郡辰野町中央1（辰野町役場）,35,58.9,137,59.3,199604011200,
42331,飯島町飯島,35.6767,137.9195,3,8.357,7.476,4.182,9.552,1.842,1.058,0.672,1.924,0.508,0.305,0.234,0.527,長野県南部,上伊那郡飯島町飯島2537（飯島町役場）,35,40.6,137,55.2,200103221200,
47270,伊那市高遠町荊口,35.8766,138.1313,2,4.022,4.535,2.112,5.085,0.423,0.393,0.304,0.473,0.194,0.138,0.115,0.207,長野県南部,伊那市高遠町荊口1119,35,52.6,138,7.9,199407151200,
42336,下呂市森,35.8058,137.2441,1,2.135,1.98,1.399,2.143,0.389,0.291,0.239,0.448,0.167,0.118,0.105,0.2,岐阜県飛騨,下呂市森960（下呂市役所・下呂庁舎）,35,48.3,137,14.6,199604011200,
41341,中津川市かやの木町,35.4891,137.5004,2,4.74,5.393,2.211,6.799,0.866,0.921,0.303,0.963,0.186,0.17,0.146,0.193,岐阜県美濃東部,中津川市かやの木町1-10（中津川市消防本部）,35,29.3,137,30.0,199604011200,
41342,美濃加茂市太田町,35.44,137.0167,1,1.274,1.382,0.843,1.475,0.255,0.225,0.182,0.294,0.134,0.078,0.07,0.138,岐阜県美濃東部,美濃加茂市太田町3425-1（中央公民館）,35,26.4,137,1.0,199604011200,
47280,白川町黒川,35.6039,137.3547,1,0.802,1.063,0.841,1.13,0.308,0.199,0.186,0.347,0.186,0.116,0.094,0.199,岐阜県美濃東部,加茂郡白川町黒川字丸山6753-2（黒川上水道貯水場）,35,36.2,137,21.3,199407151200,
42334,揖斐川町三輪,35.4874,136.5678,1,1.496,1.298,0.755,1.595,0.221,0.22,0.135,0.26,0.103,0.096,0.067,0.116,岐阜県美濃中西部,揖斐郡揖斐川町三輪133（揖斐川町役場）,35,29.2,136,34.1,201203271200,
47632,岐阜市加納二之丸,35.4006,136.7626,2,1.812,2.124,0.968,2.144,0.348,0.458,0.171,0.497,0.145,0.125,0.074,0.166,岐阜県美濃中西部,岐阜市加納二之丸6（岐阜地方気象台）,35,24.0,136,45.8,1883        ,
42338,伊東市大原,34.9654,139.102,2,5.543,7.154,3.494,7.832,0.683,0.808,0.284,0.849,0.218,0.244,0.098,0.296,静岡県伊豆,伊東市大原2-1-1（伊東市役所）,34,57.9,139,6.1,199509301500,
47027,伊豆市中伊豆グラウンド,34.9588,139.0087,3,28.063,18.795,6.632,29.035,1.671,1.425,0.583,1.757,0.319,0.321,0.147,0.346,静岡県伊豆,伊豆市八幡字六仙山959-1（中伊豆グラウンド）,34,57.5,139,0.5,201210021200,
47266,下田市加増野,34.7212,138.875,2,4.395,4.482,2.091,4.692,0.507,0.485,0.263,0.54,0.178,0.175,0.108,0.206,静岡県伊豆,下田市加増野491,34,43.3,138,52.5,199407151200,
47666,南伊豆町石廊崎,34.6038,138.8429,2,1.992,2.611,1.932,3.019,0.309,0.452,0.195,0.47,0.135,0.151,0.083,0.159,静岡県伊豆,賀茂郡南伊豆町石廊崎石室山546-4（石廊崎特別地域気象観測所）,34,36.2,138,50.6,201402261200,
47668,熱海市網代,35.0482,139.0925,2,10.47,8.901,5.998,10.95,0.678,0.721,0.318,0.779,0.142,0.218,0.122,0.227,静岡県伊豆,熱海市網代195（網代小学校）,35,2.9,139,5.6,201003301100,
47028,富士市富士総合運動公園,35.194,138.6851,2,4.129,3.686,2.637,5.144,0.922,0.898,0.713,1.07,0.555,0.476,0.265,0.56,静岡県東部,富士市中野678（富士総合運動公園）,35,11.6,138,41.1,201210021200,
41344,島田市旗指,34.8447,138.1748,1,1.518,1.358,0.732,1.829,0.35,0.382,0.366,0.397,0.19,0.195,0.245,0.246,静岡県中部,島田市旗指77-1（島田第二中学校）,34,50.7,138,10.5,202005131200,
42339,島田市川根町家山,34.9391,138.0758,1,1.858,1.62,0.816,2.247,0.331,0.328,0.256,0.395,0.169,0.129,0.186,0.231,静岡県中部,島田市川根町家山420（川根小学校）,34,56.3,138,4.5,200803191200,
47267,牧之原市鬼女新田,34.6777,138.183,2,3.041,2.319,1.553,3.579,0.62,0.516,0.416,0.672,0.326,0.259,0.283,0.385,静岡県中部,牧之原市鬼女新田字涼松1069-1,34,40.7,138,11.0,199407151200,
47656,静岡駿河区曲金,34.976,138.4035,2,8.284,8.21,1.598,9.515,0.872,0.741,0.296,0.89,0.308,0.286,0.174,0.333,静岡県中部,静岡市駿河区曲金2-1-5（静岡地方気象台）,34,58.6,138,24.2,201003311300,
41345,袋井市新屋,34.7502,137.9239,2,5.173,5.786,2.226,7.246,1.152,0.984,0.781,1.214,0.449,0.334,0.464,0.59,静岡県西部,袋井市新屋1-1-1（袋井市役所）,34,45.0,137,55.4,199604011200,
42340,浜松北区三ヶ日町,34.8031,137.556,2,2.976,5.431,0.821,5.594,0.336,0.484,0.179,0.497,0.097,0.116,0.095,0.145,静岡県西部,浜松市北区三ヶ日町三ヶ日500-1（三ヶ日協働センター）,34,48.2,137,33.4,199604011200,
47029,掛川市篠場,34.751,137.9857,2,2.476,1.772,1.916,2.681,0.538,0.773,0.715,0.811,0.337,0.394,0.428,0.549,静岡県西部,掛川市篠場671-1（小笠山総合運動公園）,34,45.1,137,59.1,201210021200,
47654,浜松中区高丘東,34.754,137.7116,2,2.141,2.182,1.181,3.144,0.505,0.461,0.337,0.566,0.284,0.206,0.188,0.294,静岡県西部,浜松市中区高丘東1丁目101-7（浜松特別地域気象観測所）,34,45.2,137,42.7,201211271200,
47655,御前崎市御前崎,34.6048,138.2136,2,2.47,2.942,1.069,3.284,0.779,0.736,0.36,0.802,0.355,0.419,0.231,0.445,静岡県西部,御前崎市御前崎4146（御前崎特別地域気象観測所）,34,36.3,138,12.8,201810241200,
41348,豊橋市向山,34.7572,137.4074,2,2.882,2.635,1.185,3.06,0.695,0.537,0.24,0.708,0.217,0.15,0.111,0.218,愛知県東部,豊橋市向山町字池端55-1（向山緑地内）,34,45.4,137,24.4,199604011200,
42344,新城市乗本,34.9309,137.5742,1,0.675,0.948,0.802,0.952,0.177,0.189,0.221,0.256,0.091,0.095,0.103,0.145,愛知県東部,新城市乗本字長筋79-2（新城市鳳来総合支所乗本倉庫）,34,55.9,137,34.5,199604011200,
47653,田原市福江町,34.6297,137.0942,2,2.272,2.89,0.891,3.409,0.413,0.56,0.205,0.603,0.189,0.118,0.061,0.192,愛知県東部,田原市福江町金五郎坂56-2（伊良湖特別地域気象観測所）,34,37.8,137,5.7,200910011300,
41349,豊田市小坂本町,35.0871,137.1505,2,2.119,2.32,0.918,2.895,0.303,0.313,0.244,0.399,0.108,0.115,0.153,0.159,愛知県西部,豊田市小坂本町1-25（豊田産業文化センター）,35,5.2,137,9.0,199604011200,
41350,岡崎市若宮町,34.9528,137.1793,1,1.035,0.812,0.898,1.102,0.242,0.177,0.201,0.284,0.118,0.094,0.123,0.15,愛知県西部,岡崎市若宮町1-105（若宮公園）,34,57.2,137,10.8,200801302030,
41351,常滑市新開町,34.8863,136.8324,2,2.185,2.569,1.12,2.738,0.596,0.467,0.33,0.675,0.353,0.294,0.11,0.356,愛知県西部,常滑市新開町4-1（常滑市役所）,34,53.2,136,49.9,199604011200,
42342,南知多町豊浜,34.7151,136.9291,1,0.831,1.045,0.766,1.149,0.313,0.426,0.227,0.475,0.184,0.193,0.144,0.242,愛知県西部,知多郡南知多町大字豊浜字貝ヶ坪18（南知多町役場）,34,42.9,136,55.7,199604011200,
42343,西尾市一色町,34.8123,137.0298,2,1.765,2.007,0.717,2.287,0.471,0.383,0.18,0.516,0.196,0.143,0.077,0.199,愛知県西部,西尾市一色町前野新田38-1（西尾市役所一色支所会議棟駐車場）,34,48.7,137,1.8,201603231200,
47031,一宮市千秋,35.302,136.8431,1,2.166,1.988,0.758,2.405,0.459,0.349,0.213,0.466,0.2,0.126,0.079,0.206,愛知県西部,一宮市千秋町佐野字向農756（愛知県一宮総合運動場）,35,18.1,136,50.6,201210021200,
47281,豊田市大洞町,35.2688,137.2534,1,1.491,1.891,1.086,1.962,0.281,0.325,0.279,0.371,0.135,0.163,0.151,0.203,愛知県西部,豊田市大洞町鎌ケ平880-25,35,16.1,137,15.2,199407151200,
47652,中部国際空港,34.8635,136.8143,1,2.07,1.437,0.814,2.084,0.503,0.523,0.188,0.602,0.22,0.21,0.08,0.228,愛知県西部,常滑市セントレア1-1（中部航空地方気象台）,34,51.8,136,48.9,200804011200,
41352,鈴鹿市西条,34.8787,136.5687,1,1.614,1.569,0.906,1.903,0.583,0.732,0.258,0.772,0.373,0.523,0.119,0.539,三重県北部,鈴鹿市西条5-117（三重県鈴鹿庁舎）,34,52.7,136,34.1,199604011200,
47684,四日市市日永,34.9401,136.5803,2,2.231,2.248,1.199,2.301,0.65,0.693,0.297,0.729,0.399,0.52,0.142,0.542,三重県北部,四日市市日永（南部丘陵公園）,34,56.4,136,34.8,200007181200,
47649,伊賀市緑ケ丘本町,34.7619,136.1421,1,1.266,1.041,0.483,1.322,0.242,0.188,0.108,0.255,0.104,0.077,0.056,0.119,三重県中部,伊賀市緑ケ丘本町1507-2（上野特別地域気象観測所）,34,45.7,136,8.5,201003311300,
47651,津市島崎町,34.7344,136.5202,1,1.595,2.008,0.79,2.086,0.654,0.429,0.206,0.664,0.377,0.269,0.115,0.384,三重県中部,津市島崎町327-2（津地方気象台）,34,44.1,136,31.2,192001      ,
47761,彦根市城町,35.2761,136.2437,2,3.26,2.288,1.276,3.296,0.612,0.411,0.237,0.615,0.146,0.144,0.065,0.164,滋賀県北部,彦根市城町2-5-25（彦根地方気象台）,35,16.6,136,14.6,200803131200,
41401,大津市御陵町,35.0175,135.8545,1,1.578,1.393,0.65,1.819,0.344,0.251,0.16,0.36,0.146,0.103,0.057,0.149,滋賀県南部,大津市御陵町3-1,35,1.0,135,51.3,199604011200,
41402,近江八幡市桜宮町,35.1274,136.098,2,2.811,3.438,1.155,3.467,0.638,0.515,0.231,0.74,0.251,0.163,0.07,0.271,滋賀県南部,近江八幡市桜宮町214-1（近江八幡市役所）,35,7.6,136,5.9,201003151100,
42401,大津市南小松,35.236,135.9558,1,1.702,1.065,0.615,1.846,0.552,0.284,0.196,0.567,0.243,0.097,0.074,0.244,滋賀県南部,大津市南小松字北カヤ1171-2（大津市立小松小学校）,35,14.2,135,57.3,201412191200,
42402,甲賀市水口町,34.9657,136.1659,1,1.599,1.411,0.734,1.955,0.291,0.248,0.137,0.296,0.099,0.095,0.089,0.114,滋賀県南部,甲賀市水口町水口6053,34,57.9,136,10.0,201703171200,
41403,宇治市宇治琵琶,34.8837,135.7996,1,1.115,0.756,0.375,1.123,0.266,0.157,0.106,0.275,0.087,0.069,0.054,0.089,京都府南部,宇治市宇治琵琶33,34,53.0,135,48.0,199604011200,
41404,亀岡市安町,35.0128,135.5735,1,0.884,0.697,0.745,0.988,0.184,0.132,0.118,0.184,0.072,0.068,0.064,0.078,京都府南部,亀岡市安町野々神8,35,0.8,135,34.4,199604011200,
41406,箕面市箕面,34.8319,135.4708,1,0.552,1.009,0.809,1.099,0.28,0.246,0.224,0.281,0.149,0.102,0.068,0.162,大阪府北部,箕面市箕面5-11-19,34,49.9,135,28.3,199604011200,
41407,高槻市桃園町,34.8454,135.6169,1,1.202,1.355,1.108,1.415,0.383,0.403,0.24,0.437,0.188,0.153,0.087,0.206,大阪府北部,高槻市桃園町2-1,34,50.7,135,37.0,199503300900,
47771,大阪国際空港,34.7888,135.4442,1,1.188,1.484,0.795,1.658,0.364,0.448,0.19,0.495,0.213,0.207,0.079,0.262,大阪府北部,豊中市蛍池西町3-371,34,47.3,135,26.7,200707021200,
47772,大阪中央区大手前,34.6821,135.5184,1,1.84,1.681,1.173,2.095,0.572,0.556,0.312,0.663,0.326,0.387,0.108,0.444,大阪府北部,大阪市中央区大手前4-1-76（大阪管区気象台）,34,40.9,135,31.1,188201      ,
41408,富田林市本町,34.503,135.6002,1,0.958,0.828,0.704,0.989,0.256,0.203,0.147,0.264,0.101,0.072,0.08,0.105,大阪府南部,富田林市本町16-28,34,30.2,135,36.0,199604011200,
41409,岸和田市岸城町,34.4582,135.3702,1,0.961,1.211,0.828,1.459,0.336,0.41,0.226,0.5,0.131,0.245,0.087,0.267,大阪府南部,岸和田市岸城町1804-1,34,27.5,135,22.2,199604011200,
41410,大阪堺市中区深井清水町,34.5336,135.4918,1,1.199,1.149,0.73,1.378,0.42,0.487,0.227,0.518,0.2,0.268,0.088,0.299,大阪府南部,堺市中区深井清水町1426,34,32.0,135,29.5,199604011200,
47747,豊岡市桜町,35.5358,134.8226,2,1.165,1.607,0.443,1.675,0.246,0.259,0.079,0.26,0.09,0.052,0.034,0.092,兵庫県北部,豊岡市桜町5（豊岡特別地域気象観測所）,35,32.2,134,49.4,201001051200,
41411,西宮市宮前町,34.7316,135.3351,1,0.952,0.806,0.513,1.034,0.29,0.316,0.151,0.331,0.162,0.224,0.07,0.229,兵庫県南東部,西宮市宮前町3-5,34,43.9,135,20.1,199501201200,
41414,加古川市加古川町,34.7566,134.8416,1,0.939,1.048,0.344,1.147,0.32,0.249,0.101,0.321,0.115,0.089,0.053,0.118,兵庫県南東部,加古川市加古川町北在家2000(加古川市役所）,34,45.4,134,50.5,199604011200,
47780,奈良市西紀寺町,34.6743,135.8322,1,1.705,1.497,0.871,1.97,0.415,0.363,0.145,0.474,0.165,0.177,0.056,0.182,奈良県,奈良市西紀寺町12-１（奈良地方気象台）,34,40.5,135,49.9,201703091200,
47742,境港市東本町,35.5448,133.2351,1,0.648,0.7,0.403,0.784,0.118,0.176,0.084,0.197,0.047,0.087,0.045,0.089,鳥取県西部,境港市東本町64（境特別地域気象観測所）,35,32.7,133,14.1,1887        ,
47766,呉市宝町,34.2412,132.5498,1,0.867,0.411,0.076,0.869,0.111,0.064,0.014,0.111,0.016,0.011,0.007,0.016,広島県南西部,呉市宝町9-25（呉特別地域気象観測所）,34,14.5,132,33.0,1894        ,
