震度計番号,震度観測点名称,x,y,震度,最大加速度NS[cm/s/s],最大加速度EW[cm/s/s],最大加速度UD[cm/s/s],最大加速度3成分合成[cm/s/s],最大速度NS[cm/s],最大速度EW[cm/s],最大速度UD[cm/s],最大速度3成分合成[cm/s],最大変位NS[cm],最大変位EW[cm],最大変位UD[cm],最大変位3成分合成[cm]
"47595",福島市松木町,,,,237.07,330.059,103.083,377.687,28.84,29.677,7.774,37.874,6.034,6.817,2.214,8.502
"41209",大崎市古川三日町,,,,187.909,197.009,103.757,203.122,27.061,19.248,9.391,30.446,7.034,4.242,4.66,7.564
"42212",涌谷町新町裏,,,,215.535,150.629,96.921,223.239,21.374,21.793,5.758,25.706,5.734,5.189,1.825,7.129
"42213",登米市中田町,,,,181.153,209.375,96.61,215.038,14.589,17.588,5.337,20.472,2.529,3.806,1.054,3.975
"47569",仙台空港,,,,270.252,281.089,208.965,299.371,23.368,23.553,10.143,32.406,6.767,7.59,2.512,10.092
"41216",南相馬市原町区三島町,,,,573.071,605.696,219.691,640.03,18.217,32.978,7.366,35.329,3.274,8.018,1.781,8.508
"42228",浪江町幾世橋,,,,513.444,514.784,434.455,542.837,23.19,38.425,8.344,42.247,3.393,8.713,1.1,8.76
"41207",奥州市水沢大鐘町,,,4,79.763,65.006,32.177,85.026,5.546,5.293,2.864,6.596,1.639,1.661,0.685,1.95
"47013",大崎市古川大崎,,,,157.108,161.54,48.895,205.803,11.456,14.581,5.747,16.117,3.694,5.047,2.174,5.51
"42210",柴田町船岡,,,,441.321,387.507,160.714,456.522,11.86,13.543,5.998,15.066,1.229,2.497,1.986,2.706
"47245",丸森町上滝,,,,351.703,247.116,132.917,357.832,12.435,15.235,7.484,18.98,2.691,2.798,2.182,4.129
"42211",松島町高城,,,,197.426,161.182,132.663,221.148,15.305,21.989,6.743,25.183,2.714,5.279,1.301,5.506
"47243",仙台青葉区大倉,,,,254.594,194.118,70.1,296.658,10.155,8.36,5.712,10.993,3.334,2.065,1.849,3.884
"47590",仙台宮城野区五輪,,,,179.645,177.938,95.521,193.232,17.004,17.593,8.715,19.122,3.88,5.484,3.121,6.533
"47592",石巻市泉町,,,,176.664,156.543,72.947,183.826,11.145,7.163,4.202,12.185,2.745,1.697,1.446,3.329
"41212",湯沢市沖鶴,,,3,24.847,22.317,11.523,27.448,3.696,3.596,1.653,4.3,1.058,1.206,0.476,1.394
"42222",遊佐町遊佐,,,4,29.74,35.138,12.074,41.048,6.324,6.819,3.926,8.36,2.665,2.665,1.823,3.257
"47587",酒田市亀ケ崎,,,4,32.575,34.576,11.341,37.391,7.346,6.536,4.149,7.412,4.955,2.625,2.41,5.159
"47520",新庄市東谷地田町,,,4,47.422,50.366,24.295,50.694,5.663,6.534,4.324,7.595,3.712,3.473,2.032,4.041
"42220",河北町谷地,,,4,99.377,104.322,38.858,131.168,10.154,11.754,3.946,12.451,5.037,3.858,2.18,5.384
"41214",米沢市駅前,,,4,86.461,91.297,44.836,100.081,10.926,6.898,3.663,10.937,2.921,1.967,1.28,2.981
"47017",米沢市アルカディア,,,,125.443,107.595,41.681,132.635,9.683,6.276,3.66,9.691,2.127,1.895,1.321,2.153
"47242",白鷹町黒鴨,,,4,56.947,65.84,29.084,78.783,4.667,4.416,2.101,5.082,1.354,1.52,0.62,1.529
"41215",郡山市朝日,,,,313.349,495.969,115.722,536.66,25.1,41.949,8.911,49.213,3.705,4.491,1.304,5.723
"47247",大玉村南小屋,,,,267.338,387.472,188.278,388.002,20.536,26.9,18.453,30.43,3.079,3.356,3.173,4.515
"47044",南相馬市鹿島区栃窪,,,,336.72,311.766,188.281,361.78,13.526,11.486,5.569,16.97,2.546,3.034,1.613,4.152
"47246",川内村下川内,,,,508.619,360.642,195.53,528.493,12.988,23.537,6.415,23.905,1.622,3.515,1.167,3.804
"47598",いわき市小名浜,,,,108.787,155.431,68.359,158.942,9.45,13.446,3.589,14.548,2.049,2.108,0.701,2.614
"42225",猪苗代町城南,,,,132.775,104.853,54.101,161.963,16.722,12.052,6.982,17.619,3.385,3.691,1.215,4.445
"42302",常陸大宮市中富町,,,4,78.393,83.704,47.947,94.397,6.802,6.209,3.237,7.04,0.907,1.362,0.611,1.402
"42304",筑西市舟生,,,,117.724,126.5,45.926,146.317,10.022,9.317,2.545,11.291,1.884,1.734,0.7,2.12
"42308",大田原市黒羽田町,,,4,86.372,86.116,46.212,128.693,5.767,9.217,3.449,9.426,0.621,1.515,0.843,1.519
"47052",浦安市日の出,,,4,38.839,49.446,15.914,49.452,4.634,4.803,1.231,5.123,1.297,1.141,0.517,1.506
"47057",横浜鶴見区大黒ふ頭,,,0,21.515,15.985,7.387,22.146,3.81,3.553,0.9,4.313,1.848,1.242,0.432,1.874
"42319",南魚沼市六日町,,,4,36.804,49.713,6.383,50.918,5.693,10.945,0.814,10.992,1.075,2.38,0.206,2.426
"41327",新潟秋葉区程島,,,4,36.527,23.959,8.295,37.227,6.43,6.526,1.939,6.836,1.549,2.156,0.772,2.245
"47604",新潟中央区美咲町,,,4,25.225,25.163,11.093,26.67,5.418,5.028,2.281,5.64,1.618,1.879,1.434,2.001
"47640",富士河口湖町船津,,,3,19.51,15.276,11.967,21.076,3.986,2.776,1.884,4.098,1.203,0.985,0.588,1.399
"47620",諏訪市湖岸通り,,,3,13.512,14.217,5.052,16.773,3.774,2.995,0.699,4.057,1.114,0.893,0.23,1.258
"47429",渡島森町御幸町,,,2,5.18,4.146,2.741,5.591,1.441,1.159,0.764,1.615,0.896,0.722,0.333,0.955
"47417",帯広市東４条,,,3,9.107,9.41,4.632,10.821,2.078,1.886,1.36,2.132,0.951,0.831,0.532,0.953
"47575",青森市花園,,,3,11.8,11.619,6.016,13.561,2.655,2.274,0.99,2.676,0.944,0.761,0.226,1.011
"41201",弘前市和田町,,,2,4.999,5.353,2.928,6.396,1.261,1.686,0.785,1.808,0.626,1.074,0.322,1.115
"47009",弘前市弥生,,,2,5.794,6.77,4.647,6.806,1.927,2.223,1.142,2.385,0.994,1.273,0.586,1.442
"42204",五戸町古舘,,,4,35.814,38.222,19.544,45.069,4.176,4.335,2.313,4.637,1.269,1.607,0.792,1.796
"47007",東通村砂子又蒲谷地,,,3,14.689,12.542,10.029,16.089,1.653,1.804,1.085,2.007,0.39,0.412,0.224,0.452
"47576",むつ市金曲,,,3,16.749,14.924,5.929,19.889,2.405,3.015,1.054,3.059,0.86,1.004,0.443,1.004
"41204",久慈市川崎町,,,4,33.337,44.213,15.109,45.404,4.22,5.552,1.356,5.556,1.044,1.098,0.404,1.208
"47010",久慈市枝成沢,,,4,65.895,51.622,20.179,67.822,4.355,3.096,1.94,4.692,0.631,0.595,0.472,0.712
"41203",二戸市福岡,,,3,25.394,23.351,10.27,30.608,2.285,2.965,1.333,3.099,0.524,1.1,0.377,1.106
"42205",雫石町千刈田,,,3,32.104,33.412,15.915,36.484,2.791,2.263,1.735,3.138,0.739,0.611,0.344,0.745
"42206",八幡平市大更,,,4,44.643,46.55,26.824,48.699,4.124,4.233,1.832,4.883,0.678,0.614,0.286,0.89
"47011",雫石町西根上駒木野,,,3,17.316,20.115,12.112,21.152,2.971,2.501,1.799,3.191,0.842,0.733,0.549,0.977
"47235",葛巻町葛巻元木,,,3,31.33,38.854,11.072,43.568,1.41,2.463,1.706,2.534,0.222,0.688,0.382,0.722
"41206",北上市柳原町,,,4,70.514,72.455,54.579,87.273,4.958,4.17,2.279,5.057,0.85,0.886,0.426,1.015
"41208",気仙沼市赤岩,,,4,122.97,124.327,47.563,171.847,5.092,4.99,2.458,6.747,0.633,0.686,0.442,0.779
"42214",栗原市栗駒,,,,192.976,231.703,78.328,247.103,8.845,7.582,3.498,8.96,1.256,1.129,1.303,1.657
"42215",南三陸町志津川,,,4,117.3,127.993,89.841,143.506,4.678,5.774,4.01,6.1,0.772,1.1,0.769,1.435
"47244",石巻市大瓜,,,4,123.833,163.398,97.598,169.396,3.097,6.885,6.421,7.525,0.855,1.377,1.312,1.744
"41210",能代市緑町,,,3,11.437,10.294,4.064,14.361,2.528,2.383,1.081,2.863,1.13,1.317,0.529,1.48
"47015",能代市常盤山谷,,,3,10.363,7.936,6.091,10.448,2.796,2.778,1.56,3.063,1.453,1.447,0.428,1.58
"41211",由利本荘市石脇,,,3,15.964,18.242,7.745,21.564,2.495,2.36,1.353,2.756,0.676,0.754,0.522,0.82
"47352",秋田市雄和女米木,,,3,19.727,22.166,12.567,24.61,2.556,2.87,1.752,3.111,0.897,0.774,0.702,1.065
"47582",秋田市山王,,,3,14.677,17.928,6.233,20.325,2.632,3.731,1.084,3.876,1.167,1.455,0.453,1.668
"42216",北秋田市花園町,,,3,10.583,11.212,5.039,11.598,1.616,1.84,0.875,1.913,0.535,0.595,0.358,0.64
"42218",仙北市角館町中菅沢,,,3,13.398,17.775,11.39,18.976,1.43,2.292,1.227,2.313,0.566,0.58,0.309,0.632
"42219",横手市雄物川町今宿,,,3,22.858,20.227,14.205,23.101,3.27,3.846,1.764,3.977,1.372,1.043,0.451,1.373
"41213",鶴岡市馬場町,,,3,18.398,15.103,11.491,21.383,3.177,2.386,1.389,3.346,0.994,0.893,0.483,1.192
"47016",遊佐町小原田,,,3,15.827,14.383,11.046,19.136,3.39,3.453,3.326,4.244,2.349,1.68,1.713,2.734
"47240",山形金山町中田,,,3,12.684,12.6,11.559,13.486,1.828,1.744,1.158,1.998,0.683,0.748,0.51,0.868
"47588",山形市緑町,,,4,54.554,61.775,48.111,64.335,4.01,5.229,3.813,6.143,1.863,2.273,1.465,2.954
"42221",山形小国町岩井沢,,,4,47.105,34.163,29.13,48.355,4.288,4.176,2.669,4.748,0.826,1.439,0.735,1.447
"42226",棚倉町棚倉中居野,,,,213.577,221.82,70.849,252.639,11.444,10.324,3.754,13.218,0.879,1.359,0.967,1.583
"42227",田村市船引町,,,,491.735,514.668,120.405,630.874,15.128,22.8,10.357,23,1.512,1.479,2.235,2.575
"47018",古殿町松川横川,,,4,118.061,128.656,76.896,171.382,4.144,6.329,3.306,7.065,0.871,0.91,0.841,1.102
"47597",白河市郭内,,,,183.167,262.872,68.499,283.265,9.55,14.881,5.476,15.026,1.519,1.993,1.046,2.054
"47374",いわき市三和町,,,,288.661,289.567,80.9,314.783,14.999,15.39,4.091,15.547,1.219,1.579,0.794,1.606
"42224",西会津町野沢,,,4,37.088,43.273,19.434,51.641,3.982,3.851,1.93,4.258,1.066,1.183,0.675,1.323
"47570",会津若松市材木町,,,4,59.808,50.706,19.242,60.306,5.058,4.123,2.579,5.531,1.177,1.5,0.83,1.633
"47629",水戸市金町,,,4,119.74,187.819,67.024,189.305,5.537,6.786,2.571,6.944,1.015,1.092,0.555,1.143
"41301",坂東市岩井,,,4,52.189,49.246,52.943,62.089,3.261,3.682,1.602,3.898,1.13,1.123,0.526,1.376
"41302",土浦市常名,,,,174.252,234.267,77.011,237.435,5.639,6.245,2.242,6.742,0.646,0.919,0.336,1.047
"42301",茨城鹿嶋市鉢形,,,4,105.307,95.364,44.125,120.792,3.971,5.341,1.745,5.534,1.235,1.759,0.67,1.797
"42303",鉾田市鉾田,,,4,89.399,95.091,49.9,105.968,4.28,5.169,1.948,5.282,0.673,0.998,0.336,1.11
"42305",利根町布川,,,4,40.57,38.343,25.408,40.997,4.079,2.861,1.486,4.139,0.912,0.811,0.389,0.946
"47020",潮来市堀之内,,,4,81.156,83.477,30.163,88.219,3.851,5.14,1.813,5.229,1.324,2.094,0.566,2.144
"41303",日光市瀬川,,,4,77.883,81.103,26.711,81.967,3.662,2.79,1.265,3.823,0.507,0.422,0.325,0.617
"47256",那須塩原市蟇沼,,,4,53.871,42.878,37.119,54.716,2.923,3.866,2.794,4.745,0.708,0.907,0.56,0.978
"42307",那須烏山市中央,,,,178.31,138.272,48.496,181.391,6.873,6.31,1.959,8.459,0.632,0.795,0.511,0.819
"47615",宇都宮市明保野町,,,4,144.612,129.543,40.569,147.665,5.69,4.863,1.807,6.442,0.87,0.525,0.419,0.876
"42310",板倉町板倉,,,4,60.029,55.12,27.826,62.214,3.076,3.305,1.695,3.849,0.615,0.853,0.327,0.88
"41310",久喜市下早見,,,4,70.194,99.142,25.361,100.141,3.893,3.99,1.492,4.061,1.546,1.272,0.497,1.625
"42311",鳩山町大豆戸,,,3,27.216,24.27,15.524,31.713,2.389,2.287,1.218,2.41,0.565,0.439,0.446,0.615
"47626",熊谷市桜町,,,3,30.978,25.053,12.013,31.949,2.625,2.815,1.007,2.855,0.593,0.726,0.428,0.823
"41308",さいたま浦和区高砂,,,3,34.67,33.681,21.84,40.03,2.964,2.715,0.933,3.015,0.891,0.844,0.459,1.061
"41309",川越市旭町,,,3,41.878,31.119,16.472,43.243,1.761,3.22,0.858,3.453,0.623,0.846,0.407,0.914
"47641",秩父市上町,,,3,30.886,30.615,12.913,32.202,2.174,2.112,0.979,2.182,0.438,0.324,0.415,0.541
"41313",香取市佐原平田,,,4,64.592,70.74,29.215,79.363,5.042,4.457,1.878,5.062,1.28,1.975,0.527,1.995
"41315",東金市東新宿,,,3,35.479,40.93,10.186,45.517,2.433,3.488,0.931,3.569,1.038,1.23,0.527,1.271
"42313",多古町多古,,,4,42.104,42.777,19.086,48.313,3.671,3.989,1.215,4.049,0.811,0.861,0.393,0.932
"42314",一宮町一宮,,,3,22.908,24.881,7.557,27.12,2.508,2.201,0.862,2.526,0.969,1.036,0.382,1.068
"47021",山武市松尾町富士見台,,,3,35.445,41.72,19.965,41.971,2.503,2.644,1.275,2.899,0.832,1.141,0.588,1.31
"47263",長南町総合グラウンド,,,3,30.213,28.603,11.305,32.149,2.668,2.13,0.895,2.765,0.911,0.969,0.457,1.005
"41311",柏市旭町,,,4,61.598,64.445,30.785,73.133,3.282,3.639,1.029,3.769,0.697,0.802,0.445,0.821
"41312",成田市名古屋,,,4,70.322,60.76,40.779,71.269,3.477,3.021,1.585,3.635,0.771,1.14,0.399,1.268
"47051",千葉美浜区ひび野,,,4,56.979,68.528,13.587,68.942,5.067,5.252,0.865,5.737,1.274,0.988,0.437,1.335
"47682",千葉中央区中央港,,,4,30.737,33.427,20.757,44.593,3.453,4.707,1.931,5.466,0.931,1.664,0.617,1.695
"47686",成田国際空港,,,4,68.603,64.625,28.545,80.131,3.374,3.559,1.481,4.209,0.856,0.962,0.56,1.239
"41314",木更津市太田,,,3,13.908,18.543,6.071,19.171,2.389,3.013,1.012,3.292,0.92,1.043,0.599,1.24
"47373",南房総市上堀,,,3,8.097,8.715,7.598,9.155,2.079,1.961,1.644,2.406,1.074,1.237,0.75,1.273
"47672",館山市長須賀,,,3,17.508,16.156,7.013,19.202,2.584,2.715,1.158,2.82,1.048,1.063,0.399,1.198
"41317",東京江戸川区中央,,,4,54.646,60.457,23.859,62.652,3.557,4.151,1.236,4.237,0.98,0.971,0.427,1.08
"41318",東京杉並区阿佐谷,,,3,15.628,27.386,10.705,27.568,1.84,2.573,1.038,3.084,0.926,1.05,0.58,1.06
"47053",東京墨田区横川,,,3,21.374,21.329,11.722,22.189,2.062,3.081,0.93,3.544,0.798,0.66,0.392,0.895
"47054",東京江東区青海,,,3,23.654,22.622,10.027,24.443,3.109,3.202,0.881,3.367,1.527,0.962,0.357,1.539
"47055",東京新宿区西新宿,,,3,14.633,16.513,8.728,16.623,1.621,1.844,0.973,1.98,0.885,0.647,0.409,0.905
"47056",東京港区海岸,,,3,25.914,28.219,12.824,28.683,2.473,2.63,0.856,2.7,1.052,0.781,0.401,1.069
"47662",東京千代田区大手町,,,4,50.926,56.786,16.158,59.105,3.178,2.734,1.04,3.756,0.677,0.661,0.483,0.826
"47671",東京国際空港,,,3,26.223,26.996,12.292,29.986,3.419,2.836,1.35,3.47,1.708,0.94,0.404,1.783
"41319",国分寺市戸倉,,,3,24.058,29.815,12.459,31.32,2.194,1.895,1.034,2.531,0.782,0.653,0.486,0.828
"41320",八王子市大横町,,,3,17.823,17.327,8.955,20.63,2.817,1.963,1.082,3.052,0.559,0.615,0.212,0.71
"41322",川崎中原区小杉陣屋町,,,3,25.811,26.289,10.918,31.88,2.035,2.737,1.142,2.783,0.96,0.843,0.648,0.988
"41325",茅ヶ崎市茅ヶ崎,,,3,23.881,27.743,9.686,28.817,2.717,2.797,0.89,2.939,0.726,0.673,0.257,0.848
"47670",横浜中区山手町,,,4,41.997,40.573,13.932,44.431,3.629,3.304,1.229,4.61,1.407,0.685,0.54,1.411
"41323",相模原中央区中央,,,3,27.451,27.331,14.383,29.189,1.998,2.595,1.488,2.702,0.9,0.721,0.486,1.019
"41324",秦野市曽屋,,,3,14.853,19.335,5.895,20.697,1.302,1.817,0.767,1.851,0.451,0.442,0.291,0.527
"41328",長岡市幸町,,,2,5.187,4.982,3.397,6.623,1.946,1.306,1.147,1.968,0.937,0.826,0.539,0.972
"41330",小千谷市城内,,,3,12.478,7.919,6.383,12.74,2.644,2.422,1.377,2.682,1.101,1.046,0.511,1.141
"47253",出雲崎町米田,,,3,18.141,9.972,6.832,19.869,2.224,2.693,1.207,2.962,1.019,1.105,0.563,1.181
"41326",村上市塩町,,,3,10.784,11.623,7.513,15.351,1.548,1.861,1.237,1.928,0.479,0.544,0.516,0.685
"42316",胎内市新和町,,,3,11.709,15.269,12.418,17.741,2.035,2.615,2.964,2.994,0.914,1.204,1.456,1.704
"42317",五泉市村松乙,,,3,12.215,10.263,8.139,12.96,2.571,2.031,1.814,2.597,0.728,0.87,0.752,0.878
"42318",新潟西蒲区役所,,,3,15.058,12.513,5.845,15.73,4.199,4.057,1.216,4.267,1.584,2.152,0.559,2.195
"41338",甲州市塩山下於曽,,,3,17.512,20.041,7.291,25.565,2.477,2.575,1.126,3.196,0.618,0.508,0.27,0.683
"47638",甲府市飯田,,,3,23.117,19.334,10.805,23.446,2.718,2.736,1.216,2.899,0.87,0.595,0.304,1.035
"41337",大月市大月,,,3,15.772,21.159,14.416,22.162,1.494,1.476,0.845,1.944,0.601,0.414,0.225,0.603
"47622",軽井沢町追分,,,3,13.575,16.592,7.832,17.071,1.562,2.254,0.987,2.51,0.562,0.63,0.326,0.675
"47271",泰阜村梨久保,,,2,5.925,4.567,3.169,6.125,1.32,0.669,0.71,1.435,0.411,0.329,0.437,0.581
"47637",飯田市高羽町,,,3,10.292,11.365,4.406,12.34,1.541,2.082,0.709,2.143,0.573,0.609,0.272,0.646
"41343",御殿場市萩原,,,4,22.527,15.144,9.077,24.102,4.142,3.699,1.897,4.667,1.265,0.898,0.466,1.321
"41346",富士宮市弓沢町,,,3,16.869,18.936,4.675,21.029,1.366,1.758,0.836,1.816,0.484,0.57,0.322,0.586
"47657",三島市東本町,,,3,11.566,11.778,5.022,12.645,1.587,1.718,0.473,1.881,0.422,0.45,0.174,0.539
"41347",静岡清水区千歳町,,,3,7.824,10.112,2.603,10.161,1.117,1.574,0.46,1.615,0.487,0.432,0.211,0.508
"42341",愛西市稲葉町,,,2,3.398,3.344,1.061,4.23,1.328,0.91,0.358,1.423,0.96,0.542,0.164,0.963
"42101",石狩市花川,,,2,3.471,3.346,1.24,3.628,0.803,0.81,0.338,0.993,0.395,0.414,0.153,0.5
"47005",石狩市聚富,,,1,1.994,1.872,0.886,2.097,0.369,0.318,0.186,0.422,0.185,0.145,0.102,0.212
"41102",江別市高砂町,,,2,2.566,3.096,1.134,3.197,0.434,0.397,0.293,0.495,0.21,0.185,0.132,0.215
"47412",札幌中央区北２条,,,1,1.416,1.958,0.981,2.242,0.339,0.353,0.159,0.433,0.141,0.154,0.052,0.176
"41101",千歳市北栄,,,2,5.585,5.558,3.024,6.433,1.121,0.881,0.463,1.165,0.472,0.376,0.17,0.482
"47209",恵庭市漁平,,,2,1.902,2.581,1.44,2.765,0.397,0.389,0.242,0.44,0.156,0.155,0.086,0.188
"47487",新千歳空港,,,2,6.804,6.306,3.387,6.826,1.072,1.163,0.33,1.328,0.366,0.388,0.155,0.432
"47212",八雲町上の湯,,,1,1.327,0.895,0.633,1.487,0.391,0.215,0.169,0.398,0.162,0.114,0.096,0.165
"42115",七飯町桜町,,,2,3.48,3.552,1.493,3.636,0.615,0.84,0.242,0.87,0.176,0.392,0.121,0.395
"47430",函館市美原,,,2,3.405,3.939,1.436,3.962,0.625,0.623,0.311,0.742,0.228,0.195,0.146,0.284
"42114",渡島松前町福山,,,1,1.756,1.92,0.733,1.987,0.278,0.408,0.19,0.425,0.089,0.182,0.103,0.2
"47042",渡島松前町清部,,,1,0.874,1.045,0.523,1.237,0.243,0.265,0.162,0.283,0.091,0.15,0.087,0.159
"47213",知内町小谷石,,,1,2.188,1.828,1.019,2.209,0.388,0.466,0.263,0.502,0.182,0.318,0.146,0.325
"47428",檜山江差町姥神,,,2,2.536,2.387,1.837,2.991,0.613,0.78,0.436,0.885,0.255,0.297,0.12,0.358
"42103",余市町朝日町,,,1,1.325,1.359,0.641,1.398,0.48,0.399,0.151,0.484,0.191,0.21,0.064,0.214
"47411",小樽市勝納町,,,1,1.547,1.846,1.026,2.232,0.184,0.303,0.118,0.313,0.079,0.108,0.051,0.112
"47433",倶知安町南１条,,,2,2.846,2.371,1.42,3.251,0.753,0.741,0.204,0.817,0.29,0.27,0.066,0.317
"42102",岩内町高台,,,1,1.569,1.672,0.912,2.052,0.757,0.771,0.294,0.835,0.407,0.425,0.127,0.431
"47204",北竜町竜西,,,1,1.166,1.39,0.805,1.44,0.228,0.303,0.282,0.333,0.085,0.103,0.129,0.136
"41104",滝川市大町,,,2,3.121,1.865,1.421,3.175,0.843,0.441,0.421,0.891,0.31,0.214,0.161,0.319
"47223",芦別市旭町,,,2,2.251,1.747,1.239,2.404,0.418,0.39,0.284,0.458,0.168,0.182,0.125,0.218
"41103",夕張市若菜,,,1,1.385,1.515,1.031,1.693,0.403,0.315,0.206,0.412,0.151,0.102,0.087,0.153
"41105",美唄市西５条,,,2,2.396,2.845,1.248,3.166,0.466,0.45,0.219,0.492,0.123,0.148,0.07,0.159
"47413",岩見沢市５条,,,2,2.356,3.147,1.622,3.34,0.671,0.645,0.356,0.732,0.296,0.212,0.161,0.338
"47407",旭川市宮前１条,,,1,1.435,1.14,0.81,1.482,0.315,0.341,0.179,0.389,0.126,0.146,0.079,0.158
"41107",富良野市若松町,,,2,3.866,1.984,1.368,3.979,0.821,0.507,0.37,0.872,0.361,0.221,0.189,0.382
"42104",上富良野町大町,,,2,2.278,1.517,1.065,2.427,0.648,0.309,0.24,0.658,0.21,0.107,0.076,0.215
"47207",南富良野町幾寅,,,1,1.367,1.342,0.928,1.578,0.202,0.239,0.16,0.245,0.077,0.064,0.069,0.084
"47404",羽幌町南３条,,,1,1.138,0.978,0.652,1.306,0.389,0.337,0.193,0.459,0.175,0.139,0.075,0.184
"42105",美幌町東３条,,,2,3.343,2.83,1.702,3.517,0.717,0.56,0.322,0.727,0.217,0.225,0.132,0.251
"42106",斜里町本町,,,1,1.601,1.757,0.964,1.857,0.653,0.55,0.232,0.666,0.277,0.253,0.095,0.301
"42107",北見市留辺蘂町上町,,,1,1.284,1.691,0.766,1.861,0.128,0.156,0.093,0.161,0.046,0.05,0.044,0.063
"47208",遠軽町丸瀬布金湧山,,,1,1.528,1.236,0.566,1.714,0.25,0.174,0.143,0.29,0.099,0.077,0.067,0.106
"41110",胆振伊達市梅本,,,2,3.146,3.646,1.92,4.106,0.826,0.752,0.328,0.91,0.38,0.298,0.129,0.382
"42112",白老町大町,,,2,3.36,3.467,2.438,4.091,0.882,0.923,0.507,0.971,0.416,0.439,0.265,0.459
"47004",厚真町鹿沼,,,2,4.914,6.498,1.87,6.718,0.869,1.15,0.325,1.2,0.218,0.217,0.128,0.277
"47215",登別市鉱山,,,1,2.985,2.575,0.942,3.268,0.154,0.221,0.1,0.236,0.056,0.081,0.047,0.083
"47424",苫小牧市末広町,,,2,5.559,4.388,1.883,5.693,0.985,0.93,0.371,1.089,0.332,0.483,0.175,0.499
"47216",平取町仁世宇,,,1,1.525,1.476,1.207,1.943,0.375,0.346,0.201,0.422,0.12,0.141,0.078,0.151
"42113",新ひだか町静内山手町,,,2,6.234,5.089,1.842,6.541,0.878,0.826,0.404,0.908,0.254,0.251,0.165,0.259
"47003",新ひだか町静内御園,,,2,4.913,3.791,2.574,5.043,1.199,0.877,0.478,1.211,0.364,0.28,0.169,0.369
"47217",えりも町本町,,,1,1.443,1.237,0.883,1.496,0.268,0.248,0.184,0.298,0.099,0.115,0.092,0.126
"47372",浦河町野深,,,2,4.304,4.578,2.394,4.977,0.628,0.557,0.501,0.732,0.266,0.244,0.173,0.284
"47426",浦河町潮見,,,2,7.105,10.059,2.686,10.395,0.769,0.909,0.462,0.981,0.272,0.324,0.211,0.335
"47218",足寄町上螺湾,,,2,4.054,6.341,1.63,6.579,0.223,0.346,0.141,0.356,0.088,0.098,0.068,0.115
"42108",十勝清水町南４条,,,2,5.169,5.704,3.455,6.132,0.863,1.027,0.538,1.07,0.257,0.286,0.164,0.296
"42109",本別町北２丁目,,,2,6.274,5.679,8.3,8.997,0.489,0.491,0.408,0.545,0.157,0.218,0.129,0.224
"47219",幕別町忠類明和,,,1,1.855,1.871,1.493,2.199,0.395,0.301,0.316,0.407,0.191,0.142,0.134,0.192
"47002",広尾町白樺通,,,1,5.275,5.865,2.751,5.945,0.246,0.432,0.379,0.481,0.097,0.158,0.154,0.188
"47440",広尾町並木通,,,2,4.017,4.599,2.848,5.374,0.323,0.485,0.375,0.499,0.128,0.153,0.154,0.187
"42110",弟子屈町美里,,,2,3.923,4.043,3.941,4.923,0.368,0.615,0.204,0.633,0.139,0.211,0.069,0.221
"47001",浜中町湯沸,,,1,4.737,5.207,1.358,5.825,0.269,0.208,0.189,0.31,0.096,0.066,0.077,0.097
"47220",釧路市音別町尺別,,,2,4.741,3.373,2.271,4.858,0.443,0.449,0.211,0.52,0.174,0.183,0.084,0.232
"47222",厚岸町尾幌,,,1,3.722,3.687,1.795,4.495,0.246,0.386,0.288,0.45,0.114,0.174,0.129,0.196
"47418",釧路市幸町,,,2,7.297,6.401,2.32,7.665,0.385,0.346,0.137,0.433,0.121,0.089,0.062,0.14
"47041",標津町古多糠,,,1,2.773,2.714,1.586,2.928,0.297,0.243,0.25,0.302,0.115,0.111,0.074,0.116
"47221",中標津町養老牛,,,1,6.251,5.645,1.716,7.114,0.192,0.186,0.061,0.194,0.033,0.037,0.026,0.042
"47224",羅臼町春日,,,1,1.745,2.117,0.7,2.202,0.112,0.108,0.077,0.116,0.035,0.035,0.028,0.046
"42111",別海町常盤,,,2,8.403,8.93,3.834,9.495,0.636,0.492,0.29,0.638,0.269,0.284,0.139,0.309
"47360",根室市豊里,,,1,2.545,2.017,1.12,2.667,0.122,0.099,0.075,0.145,0.027,0.029,0.018,0.034
"47420",根室市弥栄,,,1,2.513,2.325,1.12,2.693,0.131,0.149,0.076,0.161,0.025,0.036,0.02,0.044
"42201",平内町小湊,,,3,13.563,19.81,5.293,20.062,1.371,1.727,0.742,1.903,0.455,0.567,0.231,0.727
"47229",五所川原市太田,,,2,4.115,2.912,1.706,4.174,0.668,0.606,0.397,0.813,0.184,0.259,0.151,0.292
"42202",鰺ヶ沢町本町,,,2,3.632,4.372,3.016,4.772,0.921,1.194,0.646,1.458,0.451,0.621,0.197,0.709
"47231",深浦町長慶平,,,2,3.303,3.57,1.64,3.746,0.506,0.795,0.384,0.933,0.217,0.383,0.168,0.427
"47574",深浦町深浦岡町,,,2,3.544,5.146,2.01,5.593,0.694,1.065,0.459,1.078,0.264,0.539,0.171,0.555
"42203",六ヶ所村尾駮,,,3,10.798,8.936,5.804,12.34,1.334,1.034,0.852,1.464,0.424,0.309,0.176,0.44
"47008",六ヶ所村出戸,,,2,6.232,6.511,2.96,6.918,0.683,0.882,0.403,0.976,0.203,0.223,0.109,0.26
"47230",七戸町北天間舘,,,2,3.698,4.942,2.455,5.185,0.539,0.977,0.376,1.032,0.159,0.547,0.157,0.563
"47351",八戸市島守,,,3,15.415,20.949,5.335,20.98,0.999,1.545,0.608,1.604,0.245,0.465,0.195,0.502
"47581",八戸市湊町,,,3,32.438,36.339,19.188,39.826,1.049,1.425,0.774,1.512,0.16,0.31,0.208,0.312
"47228",むつ市大畑町奥薬研,,,2,3.22,3.601,1.951,3.671,0.445,0.445,0.326,0.475,0.2,0.241,0.14,0.247
"42208",山田町八幡町,,,4,64.172,51.323,33.417,64.219,2.091,2.116,1.215,2.324,0.187,0.324,0.276,0.346
"42209",岩手洋野町種市,,,3,34.889,26.157,17.228,36.305,2.143,1.813,1.249,2.244,0.268,0.332,0.281,0.441
"47236",田野畑村田野畑,,,3,32.349,34.096,15.304,36.481,1.315,1.357,1.048,1.61,0.259,0.436,0.381,0.589
"47376",宮古市長沢,,,3,34.077,42.965,15.543,53.357,1.392,1.613,0.812,1.722,0.28,0.5,0.245,0.539
"47585",宮古市鍬ヶ崎,,,3,42.728,70.024,21.567,73.953,1.498,1.733,0.865,1.878,0.165,0.354,0.229,0.376
"41205",釜石市只越町,,,4,91.917,122.739,34.822,123.242,1.907,2.325,1.732,2.453,0.214,0.341,0.288,0.425
"47238",大船渡市猪川町,,,4,215.58,184.74,49.208,217.514,3.183,2.452,1.703,3.422,0.383,0.429,0.45,0.543
"47512",大船渡市大船渡町,,,4,97.173,127.36,32.377,139.524,3.219,4.059,1.618,4.623,0.336,0.59,0.376,0.626
"47584",盛岡市山王町,,,4,86.057,73.045,27.831,91.899,4.487,5.221,1.029,5.516,0.413,0.568,0.251,0.604
"42207",一関市大東町,,,4,119.083,130.66,49.809,161.393,3.693,3.903,1.308,4.107,0.454,0.566,0.404,0.586
"47237",花巻市大迫町,,,4,72.669,81.387,22.161,83.143,2.028,3.449,1.07,3.701,0.279,0.452,0.328,0.493
"47012",気仙沼市本吉町西川内,,,4,111.997,109.209,32.219,122.804,2.111,3.117,1.432,3.167,0.524,0.656,0.434,0.686
"42217",五城目町西磯ノ目,,,3,18.496,16.01,4.343,21.248,1.659,1.959,0.736,1.981,0.496,0.506,0.269,0.602
"47233",男鹿市男鹿中,,,2,4.636,6.883,2.407,7.209,1.225,1.141,0.429,1.358,0.654,0.414,0.192,0.701
"47232",大館市比内町味噌内,,,3,6.96,7.36,4.433,9.134,1.01,1.884,0.906,2.024,0.295,0.631,0.341,0.681
"47234",秋田美郷町六郷東根,,,3,23.466,29.623,20.694,32.008,2.773,2.666,2.088,3.582,0.622,0.657,0.533,0.818
"47241",鶴岡市温海川,,,3,25.591,29.202,13.361,29.385,2.805,2.608,1.24,3.082,0.464,0.804,0.418,0.84
"47249",酒田市飛島,,,2,4.547,5.553,5.845,6.878,0.721,1.061,0.642,1.246,0.314,0.277,0.177,0.355
"42223",南会津町田島,,,4,26.376,36.809,14.078,38.099,2.286,3.12,1.129,3.327,0.436,0.527,0.301,0.558
"47248",柳津町大成沢,,,3,37.577,23.735,14.304,38.033,1.859,1.39,0.947,1.935,0.478,0.366,0.341,0.491
"47019",ひたちなか市山ノ上町,,,4,67.481,42.948,29.642,68.246,3.065,1.797,0.796,3.084,0.312,0.279,0.221,0.341
"47259",常陸太田市町屋町,,,4,118.563,130.476,32.635,146.969,2.346,2.698,1.314,2.875,0.261,0.344,0.42,0.538
"47628",石岡市柿岡,,,4,105.531,113.753,99.361,128.796,5.481,4.695,2.781,5.749,0.6,0.589,0.331,0.76
"47690",日光市中宮祠,,,3,13.928,15.385,8.65,17.562,0.891,1.023,0.7,1.247,0.208,0.272,0.231,0.296
"41304",栃木市旭町,,,4,89.229,66.388,19.36,97.402,2.127,2.349,0.982,2.717,0.38,0.282,0.205,0.455
"42306",益子町益子,,,4,45.065,70.521,19.562,79.067,2.424,4.139,1.239,4.375,0.337,0.442,0.285,0.5
"41305",沼田市西倉内町,,,3,32.628,39.905,19.943,46.681,2.055,2.461,1.02,2.713,0.586,0.375,0.242,0.613
"42309",東吾妻町原町,,,2,8.591,5.995,2.903,8.908,0.75,0.608,0.407,0.762,0.251,0.239,0.202,0.31
"47257",中之条町日影,,,3,16.634,17.305,6.667,17.499,0.823,1.053,0.546,1.071,0.295,0.255,0.18,0.349
"47353",沼田市尾瀬高等学校,,,2,18.27,15.193,6.488,21.747,0.817,0.733,0.463,0.862,0.195,0.211,0.182,0.249
"41306",富岡市七日市,,,3,22.115,18.684,7.947,22.146,1.616,1.369,0.763,1.701,0.385,0.426,0.298,0.491
"41307",桐生市織姫町,,,3,27.762,34.928,18.028,36.924,1.789,2.398,1.102,2.631,0.282,0.34,0.231,0.347
"47624",前橋市昭和町,,,3,22.701,24.621,13.001,28.877,1.669,1.837,0.858,2.099,0.598,0.504,0.324,0.67
"42312",本庄市児玉町,,,4,45.406,50.737,16.423,53.148,2.325,2.604,1.142,2.749,0.419,0.465,0.243,0.513
"47262",飯能市下直竹,,,2,11.752,13.564,5.526,13.789,0.778,0.775,0.351,0.846,0.229,0.165,0.139,0.242
"47261",小鹿野町両神薄,,,2,7.744,7.196,5.312,8.646,0.524,0.544,0.621,0.77,0.142,0.151,0.159,0.184
"47370",銚子市小畑新町,,,3,25.364,25.303,10.306,28.641,1.682,1.81,0.519,2.191,0.439,0.459,0.221,0.494
"47648",銚子市川口町,,,3,20.422,18.3,13.116,22.61,1.524,2.108,0.706,2.224,0.385,0.547,0.216,0.581
"41316",鴨川市八色,,,3,11.909,9.727,5.877,12.643,1.318,1.207,0.726,1.58,0.549,0.548,0.319,0.572
"47022",鴨川市内浦,,,2,5.17,5.023,2.58,5.286,1.01,0.957,0.434,1.316,0.53,0.426,0.19,0.659
"47674",勝浦市墨名,,,2,13.001,10.536,5.886,13.035,1.334,0.962,0.563,1.543,0.68,0.412,0.254,0.758
"41321",青梅市東青梅,,,2,17.87,17.584,6.395,23.094,0.748,0.703,0.458,0.83,0.205,0.165,0.157,0.231
"47286",神津島村金長,,,2,2.676,3.784,1.865,3.869,0.534,0.564,0.222,0.566,0.209,0.296,0.096,0.297
"47675",伊豆大島町元町,,,2,6.916,5.616,3.41,7.219,0.568,0.707,0.364,0.744,0.326,0.24,0.151,0.363
"47023",東京利島村東山,,,2,7.406,5.463,2.815,7.882,0.588,0.632,0.323,0.681,0.273,0.324,0.146,0.352
"47024",新島村式根島,,,1,2.719,3.418,1.804,3.598,0.29,0.46,0.166,0.481,0.144,0.186,0.105,0.191
"47379",新島村大原,,,2,5.218,6.405,3.518,6.518,0.56,0.584,0.305,0.791,0.206,0.259,0.106,0.278
"47025",御蔵島村西川,,,2,8.758,10.214,5.132,11.761,0.333,0.364,0.213,0.39,0.098,0.123,0.087,0.125
"47287",三宅村坪田,,,2,7.755,7.825,5.235,9.415,0.348,0.377,0.196,0.417,0.166,0.149,0.076,0.193
"47677",三宅村神着,,,2,8.356,8.127,5.831,8.681,0.405,0.403,0.175,0.44,0.098,0.125,0.079,0.135
"47026",青ヶ島村,,,2,3.732,3.181,2.006,4.221,0.337,0.338,0.107,0.389,0.083,0.098,0.042,0.102
"47377",八丈町樫立,,,1,3.623,2.447,1.357,3.847,0.178,0.159,0.11,0.183,0.08,0.056,0.045,0.08
"47678",八丈町三根,,,2,4.962,8.11,3.921,8.265,0.309,0.357,0.206,0.409,0.152,0.099,0.055,0.184
"47289",小笠原村父島三日月山,,,1,0.88,1.374,0.54,1.394,0.063,0.079,0.037,0.084,0.012,0.017,0.009,0.018
"47363",小笠原村母島,,,1,1.625,1.398,0.74,1.81,0.094,0.086,0.035,0.095,0.01,0.014,0.01,0.015
"47264",横須賀市光の丘,,,3,15.178,18.067,7.914,19.019,1.108,1.308,0.849,1.515,0.577,0.483,0.357,0.66
"42315",湯河原町中央,,,4,23.81,40.26,13.67,41.297,2.708,3.379,0.755,3.613,0.343,0.643,0.21,0.647
"47045",相模原緑区若柳,,,2,7.104,6.335,3.463,7.847,0.826,1.062,0.461,1.188,0.258,0.266,0.228,0.429
"47265",小田原市久野,,,2,8.123,7.7,4.611,9.256,1.17,0.78,0.742,1.296,0.42,0.275,0.22,0.468
"41329",糸魚川市一の宮,,,2,2.755,3.54,1.937,3.956,0.782,0.656,0.485,0.796,0.311,0.33,0.17,0.338
"47612",上越市大手町,,,3,7.794,9.258,2.385,9.991,1.349,1.135,0.462,1.632,0.466,0.425,0.223,0.551
"47255",魚沼市下折立,,,2,8.842,6.477,4.153,9.791,0.846,0.661,0.426,0.944,0.226,0.18,0.235,0.281
"47250",粟島浦村笹畑,,,2,4.702,4.72,7.714,8.637,0.563,0.804,0.701,1.001,0.237,0.478,0.388,0.636
"47252",阿賀野市畑江,,,2,8.055,6.042,5.587,8.566,1.197,0.885,1.211,1.802,0.489,0.385,0.623,0.804
"47251",佐渡市相川金山,,,1,1.803,1.51,1.576,1.908,0.225,0.425,0.328,0.452,0.117,0.237,0.172,0.268
"47602",佐渡市相川三町目,,,2,3.53,3.826,1.731,4.482,0.403,0.573,0.362,0.577,0.142,0.205,0.149,0.257
"41331",魚津市釈迦堂,,,1,1.194,0.864,0.838,1.291,0.45,0.371,0.24,0.519,0.254,0.216,0.122,0.32
"42320",富山朝日町道下,,,1,1.705,2.094,0.919,2.128,0.39,0.385,0.391,0.495,0.263,0.172,0.185,0.327
"42321",富山市八尾町福島,,,1,1.8,1.567,1.075,2.065,0.63,0.384,0.347,0.656,0.37,0.226,0.159,0.393
"47272",立山町吉峰,,,1,1.547,1.184,0.965,1.594,0.378,0.336,0.212,0.418,0.192,0.18,0.12,0.204
"47607",富山市石坂,,,1,2.127,1.595,0.946,2.259,0.818,0.552,0.296,0.881,0.402,0.24,0.169,0.444
"41332",小矢部市泉町,,,1,1.572,1.848,0.856,2.104,0.557,0.737,0.301,0.945,0.321,0.38,0.202,0.47
"42322",南砺市天池,,,1,1.332,1.015,0.719,1.46,0.337,0.331,0.26,0.374,0.2,0.168,0.108,0.204
"47606",高岡市伏木,,,1,1.306,1.248,0.678,1.359,0.555,0.429,0.215,0.557,0.274,0.236,0.119,0.277
"41333",七尾市本府中町,,,1,1.734,2.51,0.75,2.723,0.435,0.44,0.145,0.47,0.172,0.127,0.067,0.174
"42325",能登町宇出津,,,2,3.267,3.765,0.636,3.802,0.566,0.496,0.233,0.598,0.21,0.143,0.104,0.213
"47600",輪島市鳳至町,,,2,5.059,4.861,1.615,6.325,0.825,0.96,0.263,0.971,0.234,0.228,0.103,0.234
"42323",津幡町加賀爪,,,1,1.045,1.173,0.752,1.207,0.386,0.49,0.251,0.51,0.244,0.282,0.133,0.305
"47605",金沢市西念,,,1,1.413,1.583,0.72,1.812,0.551,0.718,0.334,0.718,0.398,0.391,0.174,0.446
"47616",福井市豊島,,,1,1.807,2.168,0.463,2.193,0.445,0.325,0.218,0.445,0.144,0.127,0.101,0.148
"42327",高浜町宮崎,,,1,1.345,1.875,0.575,1.895,0.191,0.232,0.128,0.236,0.102,0.054,0.058,0.105
"47631",敦賀市松栄町,,,2,1.997,1.94,0.457,2.424,0.386,0.275,0.157,0.459,0.181,0.093,0.089,0.202
"47268",身延町大磯小磯,,,3,9.744,13.971,5.126,15.482,1.296,1.26,0.722,1.422,0.359,0.369,0.227,0.463
"42328",上野原市四方津,,,2,8.44,8.817,4.685,9.211,0.928,1.624,0.567,1.644,0.322,0.317,0.245,0.44
"41339",大町市役所,,,1,1.71,1.478,0.93,1.721,0.447,0.449,0.341,0.551,0.296,0.236,0.159,0.314
"42333",山ノ内町平穏,,,1,1.467,1.541,1.731,1.924,0.425,0.278,0.317,0.43,0.259,0.123,0.193,0.26
"47610",長野市箱清水,,,2,4.316,5.674,3.297,5.858,1.058,1.419,0.564,1.474,0.484,0.594,0.216,0.668
"47685",長野市松代,,,1,1.394,1.035,1.405,1.928,0.33,0.23,0.408,0.447,0.188,0.112,0.235,0.285
"41340",上田市築地,,,3,6.87,7.45,2.819,8.191,1.121,1,0.458,1.389,0.306,0.268,0.223,0.37
"42329",佐久市下小田切,,,2,9.444,11.161,3.082,11.289,0.723,0.787,0.328,0.847,0.23,0.158,0.108,0.239
"42332",安曇野市穂高支所,,,2,2.698,3.214,1.84,3.393,0.649,0.747,0.448,0.774,0.451,0.269,0.267,0.464
"42346",筑北村坂井,,,2,4.868,3.826,1.49,5.629,0.477,0.341,0.363,0.558,0.172,0.101,0.207,0.251
"47618",松本市沢村,,,2,2.685,2.192,2,3.273,0.688,0.489,0.647,0.741,0.31,0.184,0.31,0.348
"42330",辰野町中央,,,2,3.331,3.143,1.944,3.815,0.497,0.537,0.391,0.704,0.206,0.168,0.145,0.24
"42331",飯島町飯島,,,3,8.357,7.476,4.182,9.552,1.842,1.058,0.672,1.924,0.508,0.305,0.234,0.527
"47270",伊那市高遠町荊口,,,2,4.022,4.535,2.112,5.085,0.423,0.393,0.304,0.473,0.194,0.138,0.115,0.207
"42336",下呂市森,,,1,2.135,1.98,1.399,2.143,0.389,0.291,0.239,0.448,0.167,0.118,0.105,0.2
"41341",中津川市かやの木町,,,2,4.74,5.393,2.211,6.799,0.866,0.921,0.303,0.963,0.186,0.17,0.146,0.193
"41342",美濃加茂市太田町,,,1,1.274,1.382,0.843,1.475,0.255,0.225,0.182,0.294,0.134,0.078,0.07,0.138
"47280",白川町黒川,,,1,0.802,1.063,0.841,1.13,0.308,0.199,0.186,0.347,0.186,0.116,0.094,0.199
"42334",揖斐川町三輪,,,1,1.496,1.298,0.755,1.595,0.221,0.22,0.135,0.26,0.103,0.096,0.067,0.116
"47632",岐阜市加納二之丸,,,2,1.812,2.124,0.968,2.144,0.348,0.458,0.171,0.497,0.145,0.125,0.074,0.166
"42338",伊東市大原,,,2,5.543,7.154,3.494,7.832,0.683,0.808,0.284,0.849,0.218,0.244,0.098,0.296
"47027",伊豆市中伊豆グラウンド,,,3,28.063,18.795,6.632,29.035,1.671,1.425,0.583,1.757,0.319,0.321,0.147,0.346
"47266",下田市加増野,,,2,4.395,4.482,2.091,4.692,0.507,0.485,0.263,0.54,0.178,0.175,0.108,0.206
"47666",南伊豆町石廊崎,,,2,1.992,2.611,1.932,3.019,0.309,0.452,0.195,0.47,0.135,0.151,0.083,0.159
"47668",熱海市網代,,,2,10.47,8.901,5.998,10.95,0.678,0.721,0.318,0.779,0.142,0.218,0.122,0.227
"47028",富士市富士総合運動公園,,,2,4.129,3.686,2.637,5.144,0.922,0.898,0.713,1.07,0.555,0.476,0.265,0.56
"41344",島田市旗指,,,1,1.518,1.358,0.732,1.829,0.35,0.382,0.366,0.397,0.19,0.195,0.245,0.246
"42339",島田市川根町家山,,,1,1.858,1.62,0.816,2.247,0.331,0.328,0.256,0.395,0.169,0.129,0.186,0.231
"47267",牧之原市鬼女新田,,,2,3.041,2.319,1.553,3.579,0.62,0.516,0.416,0.672,0.326,0.259,0.283,0.385
"47656",静岡駿河区曲金,,,2,8.284,8.21,1.598,9.515,0.872,0.741,0.296,0.89,0.308,0.286,0.174,0.333
"41345",袋井市新屋,,,2,5.173,5.786,2.226,7.246,1.152,0.984,0.781,1.214,0.449,0.334,0.464,0.59
"42340",浜松北区三ヶ日町,,,2,2.976,5.431,0.821,5.594,0.336,0.484,0.179,0.497,0.097,0.116,0.095,0.145
"47029",掛川市篠場,,,2,2.476,1.772,1.916,2.681,0.538,0.773,0.715,0.811,0.337,0.394,0.428,0.549
"47654",浜松中区高丘東,,,2,2.141,2.182,1.181,3.144,0.505,0.461,0.337,0.566,0.284,0.206,0.188,0.294
"47655",御前崎市御前崎,,,2,2.47,2.942,1.069,3.284,0.779,0.736,0.36,0.802,0.355,0.419,0.231,0.445
"41348",豊橋市向山,,,2,2.882,2.635,1.185,3.06,0.695,0.537,0.24,0.708,0.217,0.15,0.111,0.218
"42344",新城市乗本,,,1,0.675,0.948,0.802,0.952,0.177,0.189,0.221,0.256,0.091,0.095,0.103,0.145
"47653",田原市福江町,,,2,2.272,2.89,0.891,3.409,0.413,0.56,0.205,0.603,0.189,0.118,0.061,0.192
"41349",豊田市小坂本町,,,2,2.119,2.32,0.918,2.895,0.303,0.313,0.244,0.399,0.108,0.115,0.153,0.159
"41350",岡崎市若宮町,,,1,1.035,0.812,0.898,1.102,0.242,0.177,0.201,0.284,0.118,0.094,0.123,0.15
"41351",常滑市新開町,,,2,2.185,2.569,1.12,2.738,0.596,0.467,0.33,0.675,0.353,0.294,0.11,0.356
"42342",南知多町豊浜,,,1,0.831,1.045,0.766,1.149,0.313,0.426,0.227,0.475,0.184,0.193,0.144,0.242
"42343",西尾市一色町,,,2,1.765,2.007,0.717,2.287,0.471,0.383,0.18,0.516,0.196,0.143,0.077,0.199
"47031",一宮市千秋,,,1,2.166,1.988,0.758,2.405,0.459,0.349,0.213,0.466,0.2,0.126,0.079,0.206
"47281",豊田市大洞町,,,1,1.491,1.891,1.086,1.962,0.281,0.325,0.279,0.371,0.135,0.163,0.151,0.203
"47652",中部国際空港,,,1,2.07,1.437,0.814,2.084,0.503,0.523,0.188,0.602,0.22,0.21,0.08,0.228
"41352",鈴鹿市西条,,,1,1.614,1.569,0.906,1.903,0.583,0.732,0.258,0.772,0.373,0.523,0.119,0.539
"47684",四日市市日永,,,2,2.231,2.248,1.199,2.301,0.65,0.693,0.297,0.729,0.399,0.52,0.142,0.542
"47649",伊賀市緑ケ丘本町,,,1,1.266,1.041,0.483,1.322,0.242,0.188,0.108,0.255,0.104,0.077,0.056,0.119
"47651",津市島崎町,,,1,1.595,2.008,0.79,2.086,0.654,0.429,0.206,0.664,0.377,0.269,0.115,0.384
"47761",彦根市城町,,,2,3.26,2.288,1.276,3.296,0.612,0.411,0.237,0.615,0.146,0.144,0.065,0.164
"41401",大津市御陵町,,,1,1.578,1.393,0.65,1.819,0.344,0.251,0.16,0.36,0.146,0.103,0.057,0.149
"41402",近江八幡市桜宮町,,,2,2.811,3.438,1.155,3.467,0.638,0.515,0.231,0.74,0.251,0.163,0.07,0.271
"42401",大津市南小松,,,1,1.702,1.065,0.615,1.846,0.552,0.284,0.196,0.567,0.243,0.097,0.074,0.244
"42402",甲賀市水口町,,,1,1.599,1.411,0.734,1.955,0.291,0.248,0.137,0.296,0.099,0.095,0.089,0.114
"41403",宇治市宇治琵琶,,,1,1.115,0.756,0.375,1.123,0.266,0.157,0.106,0.275,0.087,0.069,0.054,0.089
"41404",亀岡市安町,,,1,0.884,0.697,0.745,0.988,0.184,0.132,0.118,0.184,0.072,0.068,0.064,0.078
"41406",箕面市箕面,,,1,0.552,1.009,0.809,1.099,0.28,0.246,0.224,0.281,0.149,0.102,0.068,0.162
"41407",高槻市桃園町,,,1,1.202,1.355,1.108,1.415,0.383,0.403,0.24,0.437,0.188,0.153,0.087,0.206
"47771",大阪国際空港,,,1,1.188,1.484,0.795,1.658,0.364,0.448,0.19,0.495,0.213,0.207,0.079,0.262
"47772",大阪中央区大手前,,,1,1.84,1.681,1.173,2.095,0.572,0.556,0.312,0.663,0.326,0.387,0.108,0.444
"41408",富田林市本町,,,1,0.958,0.828,0.704,0.989,0.256,0.203,0.147,0.264,0.101,0.072,0.08,0.105
"41409",岸和田市岸城町,,,1,0.961,1.211,0.828,1.459,0.336,0.41,0.226,0.5,0.131,0.245,0.087,0.267
"41410",大阪堺市中区深井清水町,,,1,1.199,1.149,0.73,1.378,0.42,0.487,0.227,0.518,0.2,0.268,0.088,0.299
"47747",豊岡市桜町,,,2,1.165,1.607,0.443,1.675,0.246,0.259,0.079,0.26,0.09,0.052,0.034,0.092
"41411",西宮市宮前町,,,1,0.952,0.806,0.513,1.034,0.29,0.316,0.151,0.331,0.162,0.224,0.07,0.229
"41414",加古川市加古川町,,,1,0.939,1.048,0.344,1.147,0.32,0.249,0.101,0.321,0.115,0.089,0.053,0.118
"47780",奈良市西紀寺町,,,1,1.705,1.497,0.871,1.97,0.415,0.363,0.145,0.474,0.165,0.177,0.056,0.182
"47742",境港市東本町,,,1,0.648,0.7,0.403,0.784,0.118,0.176,0.084,0.197,0.047,0.087,0.045,0.089
"47766",呉市宝町,,,1,0.867,0.411,0.076,0.869,0.111,0.064,0.014,0.111,0.016,0.011,0.007,0.016
