#k“xv”Τ†,Ο‘“_–ΌΜ,’nζ–ΌΜ,Ο‘Jn,Ο‘Τi•j,’·όϊ’nk“®K‹‰,’·όϊ’nk“®K‹‰ƒf[ƒ^1•b‘δ,2•b‘δ,3•b‘δ,4•b‘δ,5•b‘δ,6•b‘δ,7•b‘δ,Ο‘“_ά“x,Ο‘“_o“x
47595,•“‡sΌ–Ψ’¬,•“‡§’†’Κ‚θ,20210213230750,5,4,4,3,2,1,1,1,0,37.7585,140.4706
41209,‘εθsΓμO“ϊ’¬,‹{ι§–k•”,20210213230800,7,3,3,2,2,2,2,1,1,38.5741,140.9561
42212,—O’J’¬V’¬— ,‹{ι§–k•”,20210213230750,5,3,3,2,2,1,1,1,0,38.5401,141.1272
42213,“o•Δs’†“c’¬,‹{ι§–k•”,20210213230800,5,3,3,2,1,1,0,0,0,38.7103,141.2357
47569,ε‘δ‹σ`,‹{ι§“μ•”,20210213230750,6,3,2,3,2,2,1,1,1,38.1379,140.9278
41216,“μ‘”ns΄’¬‹ζO“‡’¬,•“‡§•l’Κ‚θ,20210213230750,5,3,3,2,2,2,1,1,1,37.6413,140.9558
42228,Q]’¬τΆ‹΄,•“‡§•l’Κ‚θ,20210213230750,5,3,3,3,2,2,1,1,1,37.4945,140.9997
41207,‰Bs…‘ς‘εΰ’¬,βθ§“ΰ—¤“μ•”,20210213230800,5,2,2,1,1,1,1,0,0,39.1292,141.1381
47013,‘εθsΓμ‘εθ,‹{ι§–k•”,20210213230800,7,2,2,2,2,2,2,1,1,38.6022,140.9112
42210,Δ“c’¬‘D‰,‹{ι§“μ•”,20210213230750,5,2,2,2,1,1,1,0,0,38.0547,140.7626
47245,ΫX’¬γ‘κ,‹{ι§“μ•”,20210213230750,6,2,2,2,1,1,1,0,0,37.8692,140.7896
42211,Ό“‡’¬‚ι,‹{ι§’†•”,20210213230750,5,2,2,2,2,1,1,0,0,38.3853,141.0691
47243,ε‘δΒ—t‹ζ‘ε‘q,‹{ι§’†•”,20210213230800,6,2,2,2,1,1,1,1,0,38.3679,140.6602
47590,ε‘δ‹{ι–μ‹ζά—Φ,‹{ι§’†•”,20210213230750,6,2,2,2,2,1,1,1,1,38.2622,140.8968
47592,Ξsς’¬,‹{ι§’†•”,20210213230750,5,2,2,1,1,1,0,0,0,38.4277,141.2994
41212,“’‘ςs‰«’ί,H“c§“ΰ—¤“μ•”,20210213230810,5,2,2,2,1,0,0,0,0,39.1740,140.4796
42222,—V²’¬—V²,R`§―“ΰ,20210213230810,5,2,2,2,1,1,1,1,1,39.0120,139.9086
47587,π“cs‹TƒPθ,R`§―“ΰ,20210213230810,7,2,2,2,2,2,2,2,1,38.9085,139.8435
47520,V―s“’J’n“c’¬,R`§Εγ,20210213230800,5,2,2,2,2,2,2,1,1,38.7574,140.3122
42220,‰Ν–k’¬’J’n,R`§‘ΊR,20210213230800,5,2,2,2,2,2,2,2,1,38.4266,140.3136
41214,•Δ‘ςs‰w‘O,R`§’u’,20210213230800,5,2,2,2,1,1,1,0,0,37.9125,140.1211
47017,•Δ‘ςsƒAƒ‹ƒJƒfƒBƒA,R`§’u’,20210213230800,6,2,2,2,1,1,1,0,0,37.9127,140.1436
47242,”’‘ι’¬•›,R`§’u’,20210213230800,5,2,1,2,1,1,1,0,0,38.2243,140.0620
41215,SRs’©“ϊ,•“‡§’†’Κ‚θ,20210213230800,5,2,2,2,1,0,0,0,0,37.4009,140.3600
47247,‘ε‹Κ‘Ί“μ¬‰®,•“‡§’†’Κ‚θ,20210213230800,6,2,2,2,1,1,1,0,0,37.5600,140.3338
47044,“μ‘”ns­“‡‹ζ“ΘE,•“‡§•l’Κ‚θ,20210213230750,6,2,2,2,1,1,1,0,0,37.7246,140.8874
47246,μ“ΰ‘Ί‰Ίμ“ΰ,•“‡§•l’Κ‚θ,20210213230750,6,2,2,1,1,1,0,0,0,37.3695,140.8712
47598,‚Ά‚ν‚«s¬–Ό•l,•“‡§•l’Κ‚θ,20210213230750,5,2,2,2,1,1,0,0,0,36.9479,140.9033
42225,’–•c‘γ’¬ι“μ,•“‡§‰ο’Γ,20210213230800,5,2,2,2,2,1,1,1,0,37.5589,140.1049
42302,ν—¤‘ε‹{s’†•x’¬,οι§–k•”,20210213230800,4,2,2,1,1,0,0,0,0,36.5427,140.4109
42304,’}ΌsM¶,οι§“μ•”,20210213230810,6,2,2,1,1,1,1,1,0,36.2509,139.9321
42308,‘ε“c΄s•‰H“c’¬,“Θ–Ψ§–k•”,20210213230800,3,2,2,1,0,0,0,0,0,36.8633,140.1216
47052,‰Yΐs“ϊ‚Μo,η—t§–kΌ•”,20210213230820,7,2,2,1,1,1,1,0,0,35.6442,139.9240
47057,‰΅•l’ί©‹ζ‘ε•‚Σ“,_“ήμ§“•”,20210213230830,7,2,2,1,1,1,1,0,0,35.4609,139.6735
42319,“μ‹›ΐsZ“ϊ’¬,Vƒ§’†‰z,20210213230820,5,2,2,1,0,0,0,0,0,37.0656,138.8760
41327,VƒH—t‹ζ’φ“‡,Vƒ§‰Ί‰z,20210213230820,5,2,2,1,1,1,1,1,0,37.7877,139.1121
47604,Vƒ’†‰›‹ζ”όη’¬,Vƒ§‰Ί‰z,20210213230820,6,2,2,2,1,1,1,1,1,37.8937,139.0188
47640,•xm‰ΝϋΞ’¬‘D’Γ,R—§“•”E•xmάΞ,20210213230830,4,2,1,2,1,0,0,0,0,35.5008,138.7606
47620,z–KsΞέ’Κ‚θ,’·–μ§’†•”,20210213230830,5,2,2,1,1,0,0,0,0,36.0461,138.1095
47429,“n“‡X’¬δK’¬,“n“‡’n•ϋ“•”,20210213230900,5,1,0,0,1,1,0,0,0,42.1052,140.5766
47417,‘ΡLs“‚Sπ,\’n•ϋ’†•”,20210213230900,5,1,1,1,1,0,0,0,0,42.9226,143.2122
47575,ΒXs‰Τ‰€,ΒX§’Γy–k•”,20210213230830,5,1,1,1,1,0,0,0,0,40.8220,140.7686
41201,O‘Osa“c’¬,ΒX§’Γy“μ•”,20210213230830,5,1,0,1,1,1,1,0,0,40.6114,140.4553
47009,O‘Os–ν¶,ΒX§’Γy“μ•”,20210213230840,5,1,0,0,0,1,1,1,0,40.6519,140.3590
42204,άΛ’¬ΓΪ,ΒX§O”γ–k,20210213230820,5,1,1,1,1,1,1,0,0,40.5313,141.3079
47007,“’Κ‘Ί»q–”—’J’n,ΒX§‰Ί–k,20210213230840,5,1,1,1,0,0,0,0,0,41.2653,141.3374
47576,‚ή‚Βs‹ΰ‹Θ,ΒX§‰Ί–k,20210213230840,5,1,1,1,0,0,0,0,0,41.2834,141.2114
41204,‹vsμθ’¬,βθ§‰έ–k•”,20210213230820,5,1,1,1,0,0,0,0,0,40.1894,141.7754
47010,‹vs}¬‘ς,βθ§‰έ–k•”,20210213230820,6,1,1,1,0,0,0,0,0,40.2056,141.7098
41203,“ρΛs•‰,βθ§“ΰ—¤–k•”,20210213230820,5,1,1,1,0,0,0,0,0,40.2722,141.3037
42205,΄Ξ’¬η “c,βθ§“ΰ—¤–k•”,20210213230810,5,1,1,1,0,0,0,0,0,39.6968,140.9759
42206,””¦•½s‘εX,βθ§“ΰ—¤–k•”,20210213230810,5,1,1,1,0,0,0,0,0,39.9263,141.0951
47011,΄Ξ’¬Όγ‹ξ–Ψ–μ,βθ§“ΰ—¤–k•”,20210213230810,5,1,1,1,1,0,0,0,0,39.7415,140.9527
47235,‹’¬‹³–Ψ,βθ§“ΰ—¤–k•”,20210213230810,5,1,1,1,0,0,0,0,0,39.9872,141.3259
41206,–kγs–φ΄’¬,βθ§“ΰ—¤“μ•”,20210213230800,5,1,1,0,0,0,0,0,0,39.2929,141.1095
41208,‹CεΐsΤβ,‹{ι§–k•”,20210213230800,5,1,0,1,0,0,0,0,0,38.8806,141.5743
42214,I΄sI‹ξ,‹{ι§–k•”,20210213230800,5,1,1,1,1,0,0,0,0,38.8266,140.9923
42215,“μO—¤’¬u’Γμ,‹{ι§–k•”,20210213230750,5,1,1,1,0,0,0,0,0,38.6799,141.4607
47244,Ξs‘ε‰Z,‹{ι§’†•”,20210213230750,5,1,1,1,1,0,0,0,0,38.4574,141.3457
41210,”\‘γs—Ξ’¬,H“c§‰έ–k•”,20210213230830,5,1,1,1,1,1,1,0,0,40.1989,140.0330
47015,”\‘γsν”ΥR’J,H“c§‰έ–k•”,20210213230830,6,1,1,1,1,1,1,0,0,40.2718,140.1612
41211,—R—–{‘‘sΞe,H“c§‰έ“μ•”,20210213230810,5,1,1,1,0,0,0,0,0,39.3988,140.0469
47352,H“cs—Ya—•Δ–Ψ,H“c§‰έ“μ•”,20210213230810,5,1,1,1,0,1,0,0,0,39.5424,140.2053
47582,H“csR‰¤,H“c§‰έ“μ•”,20210213230820,5,1,1,1,1,1,1,0,0,39.7179,140.0995
42216,–kH“cs‰Τ‰€’¬,H“c§“ΰ—¤–k•”,20210213230820,5,1,1,0,0,0,0,0,0,40.2260,140.3707
42218,ε–kspΩ’¬’†›‘ς,H“c§“ΰ—¤“μ•”,20210213230810,5,1,1,0,0,0,0,0,0,39.5902,140.5671
42219,‰΅θs—Y•¨μ’¬΅h,H“c§“ΰ—¤“μ•”,20210213230810,5,1,1,1,0,0,0,0,0,39.2909,140.4298
41213,’ί‰s”nκ’¬,R`§―“ΰ,20210213230810,5,1,1,1,1,1,0,0,0,38.7271,139.8274
47016,—V²’¬¬΄“c,R`§―“ΰ,20210213230810,6,1,1,1,1,1,1,1,1,39.0162,139.9306
47240,R`‹ΰR’¬’†“c,R`§Εγ,20210213230810,4,1,1,0,0,0,0,0,0,38.9215,140.3562
47588,R`s—Ξ’¬,R`§‘ΊR,20210213230800,5,1,1,1,1,1,1,1,0,38.2562,140.3459
42221,R`¬‘’¬βδ‘ς,R`§’u’,20210213230800,5,1,1,1,0,0,0,0,0,38.0562,139.7478
42226,’I‘q’¬’I‘q’†‹–μ,•“‡§’†’Κ‚θ,20210213230800,5,1,1,1,0,0,0,0,0,37.0292,140.3802
42227,“c‘Ίs‘Dψ’¬,•“‡§’†’Κ‚θ,20210213230750,5,1,1,1,1,0,0,0,0,37.4401,140.5765
47018,Γ“a’¬Όμ‰΅μ,•“‡§’†’Κ‚θ,20210213230800,5,1,1,1,0,0,0,0,0,37.0909,140.5611
47597,”’‰Νss“ΰ,•“‡§’†’Κ‚θ,20210213230800,5,1,1,1,1,0,0,0,0,37.1322,140.2155
47374,‚Ά‚ν‚«sOa’¬,•“‡§•l’Κ‚θ,20210213230750,6,1,1,1,1,0,0,0,0,37.1048,140.7983
42224,Ό‰ο’Γ’¬–μ‘ς,•“‡§‰ο’Γ,20210213230800,5,1,1,1,1,1,0,0,0,37.5871,139.6487
47570,‰ο’ΓαΌsή–Ψ’¬,•“‡§‰ο’Γ,20210213230800,5,1,1,1,1,1,1,0,0,37.4884,139.9104
47629,…Λs‹ΰ’¬,οι§–k•”,20210213230800,6,1,1,1,1,1,0,0,0,36.3816,140.4680
41301,β“sβδ,οι§“μ•”,20210213230810,7,1,1,1,1,1,1,1,0,36.0407,139.8832
41302,“y‰Ysν–Ό,οι§“μ•”,20210213230810,5,1,1,1,1,0,0,0,0,36.1041,140.1894
42301,οι­“s”«`,οι§“μ•”,20210213230810,7,1,1,1,1,1,1,0,0,35.9665,140.6464
42303,–g“cs–g“c,οι§“μ•”,20210213230810,5,1,1,1,0,0,0,0,0,36.1586,140.5166
42305,—’¬•zμ,οι§“μ•”,20210213230810,7,1,1,1,0,1,0,0,0,35.8578,140.1391
47020,’—s–x”V“ΰ,οι§“μ•”,20210213230810,6,1,1,1,1,1,1,1,0,35.9659,140.5259
41303,“ϊυs£μ,“Θ–Ψ§–k•”,20210213230810,3,1,1,0,0,0,0,0,0,36.7346,139.6882
47256,“ί{‰–΄sε―ΐ,“Θ–Ψ§–k•”,20210213230810,5,1,1,1,0,0,0,0,0,36.9715,139.9164
42307,“ί{‰GRs’†‰›,“Θ–Ψ§“μ•”,20210213230800,3,1,1,1,0,0,0,0,0,36.6592,140.1518
47615,‰F“s‹{s–Ύ•Ϋ–μ’¬,“Θ–Ψ§“μ•”,20210213230810,4,1,1,1,0,0,0,0,0,36.5498,139.8683
42310,”Β‘q’¬”Β‘q,Q”n§“μ•”,20210213230810,6,1,1,1,0,0,0,0,0,36.2249,139.6015
41310,‹vμs‰Ί‘©,ι‹Κ§–k•”,20210213230820,7,1,1,1,1,1,1,0,0,36.0595,139.6669
42311,”µR’¬‘ε“¤Λ,ι‹Κ§–k•”,20210213230820,3,1,1,1,0,0,0,0,0,35.9814,139.3341
47626,F’Jsχ’¬,ι‹Κ§–k•”,20210213230820,4,1,1,1,0,0,0,0,0,36.1504,139.3807
41308,‚³‚Ά‚½‚ά‰Ya‹ζ‚»,ι‹Κ§“μ•”,20210213230820,6,1,1,1,1,1,1,1,0,35.8582,139.6485
41309,μ‰zs®’¬,ι‹Κ§“μ•”,20210213230820,5,1,1,1,1,0,0,0,0,35.9003,139.4731
47641,’•ƒsγ’¬,ι‹Κ§’•ƒ,20210213230820,3,1,1,1,0,0,0,0,0,35.9897,139.0738
41313,ζs²΄•½“c,η—t§–k“•”,20210213230810,7,1,1,1,1,1,1,0,0,35.8864,140.5066
41315,“‹ΰs“Vh,η—t§–k“•”,20210213230820,6,1,1,1,1,1,0,0,0,35.5607,140.3681
42313,‘½Γ’¬‘½Γ,η—t§–k“•”,20210213230820,7,1,0,1,1,1,1,0,0,35.7354,140.4675
42314,κ‹{’¬κ‹{,η—t§–k“•”,20210213230820,6,1,1,1,1,1,0,0,0,35.3718,140.3684
47021,R•sΌ”φ’¬•xm©‘δ,η—t§–k“•”,20210213230820,7,1,1,1,1,1,0,0,0,35.6426,140.4483
47263,’·“μ’¬‘‡ƒOƒ‰ƒEƒ“ƒh,η—t§–k“•”,20210213230820,7,1,1,1,1,1,0,0,0,35.3842,140.2355
41311,”s®’¬,η—t§–kΌ•”,20210213230820,7,1,1,0,0,0,1,0,0,35.8600,139.9587
41312,¬“cs–ΌΓ‰®,η—t§–kΌ•”,20210213230810,7,1,1,1,1,1,1,0,0,35.8633,140.3619
47051,η—t”ό•l‹ζ‚Π‚Ρ–μ,η—t§–kΌ•”,20210213230820,7,1,1,1,1,1,0,0,0,35.6438,140.0402
47682,η—t’†‰›‹ζ’†‰›`,η—t§–kΌ•”,20210213230820,7,1,1,1,1,1,0,0,0,35.6027,140.1046
47686,¬“c‘Ϋ‹σ`,η—t§–kΌ•”,20210213230810,6,1,1,1,1,0,0,0,0,35.7747,140.3823
41314,–ΨX’Γs‘Ύ“c,η—t§“μ•”,20210213230830,6,1,1,1,1,1,0,0,0,35.3786,139.9448
47373,“μ–[‘sγ–x,η—t§“μ•”,20210213230830,5,1,1,1,1,1,0,0,0,35.0353,139.8874
47672,ΩRs’·{‰κ,η—t§“μ•”,20210213230830,5,1,1,1,1,1,0,0,0,34.9871,139.8654
41317,“‹]Λμ‹ζ’†‰›,“‹“s‚Q‚R‹ζ,20210213230820,7,1,1,1,1,0,0,0,0,35.7071,139.8687
41318,“‹™•ΐ‹ζΆ²’J,“‹“s‚Q‚R‹ζ,20210213230820,6,1,1,1,1,1,0,0,0,35.7000,139.6366
47053,“‹–n“c‹ζ‰΅μ,“‹“s‚Q‚R‹ζ,20210213230820,7,1,1,1,0,0,0,0,0,35.7039,139.8150
47054,“‹]“‹ζΒC,“‹“s‚Q‚R‹ζ,20210213230820,6,1,1,1,1,1,1,0,0,35.6168,139.7812
47055,“‹Vh‹ζΌVh,“‹“s‚Q‚R‹ζ,20210213230820,6,1,1,1,1,0,0,0,0,35.6907,139.6953
47056,“‹`‹ζCέ,“‹“s‚Q‚R‹ζ,20210213230820,6,1,1,1,0,1,0,0,0,35.6389,139.7529
47662,“‹η‘γ“c‹ζ‘εθ’¬,“‹“s‚Q‚R‹ζ,20210213230820,6,1,1,1,0,0,0,0,0,35.6890,139.7559
47671,“‹‘Ϋ‹σ`,“‹“s‚Q‚R‹ζ,20210213230820,7,1,1,1,1,1,1,0,0,35.5542,139.7816
41319,‘•›sΛ‘q,“‹“s‘½–€“•”,20210213230820,6,1,0,0,1,0,0,0,0,35.7114,139.4622
41320,”‰¤qs‘ε‰΅’¬,“‹“s‘½–€“•”,20210213230820,4,1,1,1,0,0,0,0,0,35.6645,139.3272
41322,μθ’†΄‹ζ¬™w‰®’¬,_“ήμ§“•”,20210213230820,6,1,1,1,1,1,0,0,0,35.5869,139.6551
41325,ƒ–θsƒ–θ,_“ήμ§“•”,20210213230830,4,1,1,1,0,0,0,0,0,35.3344,139.4032
47670,‰΅•l’†‹ζRθ’¬,_“ήμ§“•”,20210213230820,6,1,1,1,0,1,1,0,0,35.4398,139.6529
41323,‘–Ν΄’†‰›‹ζ’†‰›,_“ήμ§Ό•”,20210213230830,2,1,0,0,1,0,0,0,0,35.5714,139.3741
41324,`–μs‘]‰®,_“ήμ§Ό•”,20210213230830,3,1,1,0,0,0,0,0,0,35.3799,139.2109
41328,’·‰sK’¬,Vƒ§’†‰z,20210213230820,4,1,0,0,0,1,1,0,0,37.4357,138.8407
41330,¬η’Jsι“ΰ,Vƒ§’†‰z,20210213230820,4,1,1,1,1,1,0,0,0,37.3125,138.7927
47253,o‰_θ’¬•Δ“c,Vƒ§’†‰z,20210213230820,5,1,1,1,0,1,1,0,0,37.5345,138.7064
41326,‘Ίγs‰–’¬,Vƒ§‰Ί‰z,20210213230810,3,1,1,0,0,0,0,0,0,38.2286,139.4746
42316,‘Ω“ΰsVa’¬,Vƒ§‰Ί‰z,20210213230810,4,1,1,1,1,1,1,1,0,38.0596,139.4102
42317,άςs‘ΊΌ‰³,Vƒ§‰Ί‰z,20210213230820,4,1,1,1,1,0,0,0,0,37.6934,139.1743
42318,VƒΌ—‹ζ–π,Vƒ§‰Ί‰z,20210213230820,7,1,1,1,1,1,1,1,0,37.7607,138.8894
41338,bBs‰–R‰Ί‰—‘],R—§’†EΌ•”,20210213230830,3,1,1,1,0,0,0,0,0,35.7003,138.7213
47638,b•{s”Ρ“c,R—§’†EΌ•”,20210213230830,5,1,1,1,0,0,0,0,0,35.6674,138.5539
41337,‘εs‘ε,R—§“•”E•xmάΞ,20210213230830,2,1,1,0,0,0,0,0,0,35.6104,138.9409
47622,yδ‘ς’¬’Η•,’·–μ§’†•”,20210213230830,4,1,1,1,0,0,0,0,0,36.3421,138.5472
47271,‘Χ•‘Ί—‹v•Ϋ,’·–μ§“μ•”,20210213230840,4,1,1,0,0,0,0,0,0,35.3627,137.8593
47637,”Ρ“cs‚‰H’¬,’·–μ§“μ•”,20210213230840,3,1,1,1,0,0,0,0,0,35.5232,137.8226
41343,δ“aκs”‹΄,Γ‰§“•”,20210213230840,4,1,1,1,1,0,0,0,0,35.3102,138.9304
41346,•xm‹{s‹|‘ς’¬,Γ‰§“•”,20210213230830,4,1,0,1,0,0,0,0,0,35.2232,138.6210
47657,O“‡s“–{’¬,Γ‰§“•”,20210213230840,4,1,0,1,0,0,0,0,0,35.1141,138.9257
41347,Γ‰΄…‹ζηΞ’¬,Γ‰§’†•”,20210213230840,4,1,1,0,0,0,0,0,0,35.0168,138.4848
42341,¤Όsξ—t’¬,¤’m§Ό•”,20210213230910,5,1,0,0,1,1,1,0,0,35.1527,136.7280
42101,Ξλs‰Τμ,Ξλ’n•ϋ–k•”,20210213231010,5,0,0,0,0,0,0,0,0,43.1714,141.3157
47005,ΞλsγΪ•x,Ξλ’n•ϋ–k•”,20210213231010,4,0,0,0,0,0,0,0,0,43.2753,141.4175
41102,]•Κs‚»’¬,Ξλ’n•ϋ’†•”,20210213231000,4,0,0,0,0,0,0,0,0,43.1037,141.5359
47412,D–y’†‰›‹ζ–k‚Qπ,Ξλ’n•ϋ’†•”,20210213231000,4,0,0,0,0,0,0,0,0,43.0604,141.3289
41101,ηΞs–k‰h,Ξλ’n•ϋ“μ•”,20210213230920,5,0,0,0,0,0,0,0,0,42.8259,141.6414
47209,b’λs‹™•½,Ξλ’n•ϋ“μ•”,20210213231010,3,0,0,0,0,0,0,0,0,42.8435,141.4459
47487,VηΞ‹σ`,Ξλ’n•ϋ“μ•”,20210213230900,5,0,0,0,0,0,0,0,0,42.7839,141.6788
47212,”‰_’¬γ‚Μ“’,“n“‡’n•ϋ–k•”,20210213230950,3,0,0,0,0,0,0,0,0,42.1193,140.3662
42115,µ”Ρ’¬χ’¬,“n“‡’n•ϋ“•”,20210213230850,4,0,0,0,0,0,0,0,0,41.9033,140.6880
47430,”Ωs”ό΄,“n“‡’n•ϋ“•”,20210213230850,4,0,0,0,0,0,0,0,0,41.8169,140.7541
42114,“n“‡Ό‘O’¬•R,“n“‡’n•ϋΌ•”,20210213230900,3,0,0,0,0,0,0,0,0,41.4300,140.1104
47042,“n“‡Ό‘O’¬΄•”,“n“‡’n•ϋΌ•”,20210213231000,2,0,0,0,0,0,0,0,0,41.5248,140.0069
47213,’m“ΰ’¬¬’JΞ,“n“‡’n•ϋΌ•”,20210213230900,3,0,0,0,0,0,0,0,0,41.5322,140.4140
47428,wR]·’¬‰W_,wR’n•ϋ,20210213230850,4,0,0,0,0,0,0,0,0,41.8678,140.1251
42103,—]s’¬’©“ϊ’¬,γu’n•ϋ–k•”,20210213231020,3,0,0,0,0,0,0,0,0,43.1952,140.7835
47411,¬’Ms”[’¬,γu’n•ϋ–k•”,20210213231010,3,0,0,0,0,0,0,0,0,43.1828,141.0170
47433,‹δ’mΐ’¬“μ‚Pπ,γu’n•ϋ“•”,20210213230910,5,0,0,0,0,0,0,0,0,42.9009,140.7573
42102,β“ΰ’¬‚‘δ,γu’n•ϋΌ•”,20210213231010,3,0,0,0,0,0,0,0,0,42.9800,140.5150
47204,–k—³’¬—³Ό,‹σ’m’n•ϋ–k•”,20210213231030,3,0,0,0,0,0,0,0,0,43.7454,141.7212
41104,‘κμs‘ε’¬,‹σ’m’n•ϋ’†•”,20210213231020,4,0,0,0,0,0,0,0,0,43.5574,141.9108
47223,°•Κs®’¬,‹σ’m’n•ϋ’†•”,20210213231010,3,0,0,0,0,0,0,0,0,43.5068,142.2192
41103,—[’£sαΨ,‹σ’m’n•ϋ“μ•”,20210213231000,3,0,0,0,0,0,0,0,0,43.0287,141.9654
41105,”ό‰SsΌ‚Tπ,‹σ’m’n•ϋ“μ•”,20210213231010,4,0,0,0,0,0,0,0,0,43.3345,141.8468
47413,β©‘ςs‚Tπ,‹σ’m’n•ϋ“μ•”,20210213231000,4,0,0,0,0,0,0,0,0,43.2125,141.7856
47407,®μs‹{‘O‚Pπ,γμ’n•ϋ’†•”,20210213231030,3,0,0,0,0,0,0,0,0,43.7577,142.3730
41107,•x—Η–μsαΌ’¬,γμ’n•ϋ“μ•”,20210213231010,3,0,0,0,0,0,0,0,0,43.3457,142.3843
42104,γ•x—Η–μ’¬‘ε’¬,γμ’n•ϋ“μ•”,20210213231010,3,0,0,0,0,0,0,0,0,43.4557,142.4670
47207,“μ•x—Η–μ’¬τ“Π,γμ’n•ϋ“μ•”,20210213231010,2,0,0,0,0,0,0,0,0,43.1664,142.5903
47404,‰H–y’¬“μ‚Rπ,—―–G’n•ϋ’†–k•”,20210213231100,3,0,0,0,0,0,0,0,0,44.3633,141.7008
42105,”ό–y’¬“‚Rπ,–Τ‘–’n•ϋ,20210213231020,4,0,0,0,0,0,0,0,0,43.8161,144.1033
42106,Ξ—Ά’¬–{’¬,–Τ‘–’n•ϋ,20210213231030,4,0,0,0,0,0,0,0,0,43.9114,144.6711
42107,–k©s—―•ΣεA’¬γ’¬,–k©’n•ϋ,20210213231020,2,0,0,0,0,0,0,0,0,43.7884,143.6153
47208,‰“y’¬Ϋ£•z‹ΰ—NR,–δ•Κ’n•ϋ,20210213231030,2,0,0,0,0,0,0,0,0,44.0092,143.3559
41110,’_UΙ’Bs”~–{,’_U’n•ϋΌ•”,20210213230910,4,0,0,0,0,0,0,0,0,42.4739,140.8761
42112,”’V’¬‘ε’¬,’_U’n•ϋ’†“•”,20210213230920,5,0,0,0,0,0,0,0,0,42.5512,141.3558
47004,ϊ^’¬­ΐ,’_U’n•ϋ’†“•”,20210213230920,5,0,0,0,0,0,0,0,0,42.6226,141.9204
47215,“o•ΚszR,’_U’n•ϋ’†“•”,20210213230940,2,0,0,0,0,0,0,0,0,42.4709,141.0346
47424,“Ο¬–qs––L’¬,’_U’n•ϋ’†“•”,20210213230920,5,0,0,0,0,0,0,0,0,42.6381,141.6124
47216,•½ζ’¬mΆ‰F,“ϊ‚’n•ϋΌ•”,20210213231000,3,0,0,0,0,0,0,0,0,42.7811,142.3599
42113,V‚Π‚Ύ‚©’¬Γ“ΰRθ’¬,“ϊ‚’n•ϋ’†•”,20210213230900,4,0,0,0,0,0,0,0,0,42.3448,142.3622
47003,V‚Π‚Ύ‚©’¬Γ“ΰδ‰€,“ϊ‚’n•ϋ’†•”,20210213230940,4,0,0,0,0,0,0,0,0,42.4099,142.4667
47217,‚¦‚θ‚ΰ’¬–{’¬,“ϊ‚’n•ϋ“•”,20210213230950,2,0,0,0,0,0,0,0,0,42.0174,143.1533
47372,‰Y‰Ν’¬–μ[,“ϊ‚’n•ϋ“•”,20210213230900,4,0,0,0,0,0,0,0,0,42.2826,142.7498
47426,‰Y‰Ν’¬’©,“ϊ‚’n•ϋ“•”,20210213230850,4,0,0,0,0,0,0,0,0,42.1625,142.7771
47218,‘«ρ’¬γ—†p,\’n•ϋ–k•”,20210213231010,3,0,0,0,0,0,0,0,0,43.2993,143.7656
42108,\΄…’¬“μ‚Sπ,\’n•ϋ’†•”,20210213230950,5,0,0,0,0,0,0,0,0,43.0115,142.8845
42109,–{•Κ’¬–k‚Q’–Ϊ,\’n•ϋ’†•”,20210213230910,5,0,0,0,0,0,0,0,0,43.1246,143.6111
47219,–‹•Κ’¬’‰—ή–Ύa,\’n•ϋ’†•”,20210213230950,3,0,0,0,0,0,0,0,0,42.6176,143.3604
47002,L”φ’¬”’’’Κ,\’n•ϋ“μ•”,20210213230950,3,0,0,0,0,0,0,0,0,42.2913,143.2988
47440,L”φ’¬•ΐ–Ψ’Κ,\’n•ϋ“μ•”,20210213230950,3,0,0,0,0,0,0,0,0,42.2948,143.3173
42110,’νq‹ό’¬”ό—Ά,‹ϊH’n•ϋ–k•”,20210213231010,4,0,0,0,0,0,0,0,0,43.4809,144.4366
47001,•l’†’¬“’•¦,‹ϊH’n•ϋ’†“μ•”,20210213231010,3,0,0,0,0,0,0,0,0,43.0828,145.1608
47220,‹ϊHs‰Ή•Κ’¬Ϊ•Κ,‹ϊH’n•ϋ’†“μ•”,20210213230950,4,0,0,0,0,0,0,0,0,42.9056,143.8312
47222,ϊέ’¬”φ–y,‹ϊH’n•ϋ’†“μ•”,20210213231000,3,0,0,0,0,0,0,0,0,42.9972,144.6926
47418,‹ϊHsK’¬,‹ϊH’n•ϋ’†“μ•”,20210213231000,3,0,0,0,0,0,0,0,0,42.9867,144.3782
47041,•W’Γ’¬Γ‘½f,Ί’n•ϋ–k•”,20210213231020,3,0,0,0,0,0,0,0,0,43.7756,145.0046
47221,’†•W’Γ’¬—{V‹,Ί’n•ϋ–k•”,20210213231010,2,0,0,0,0,0,0,0,0,43.5875,144.7151
47224,—…‰P’¬t“ϊ,Ί’n•ϋ–k•”,20210213231030,2,0,0,0,0,0,0,0,0,43.9400,145.1201
42111,•ΚC’¬ν”Υ,Ί’n•ϋ’†•”,20210213230910,5,0,0,0,0,0,0,0,0,43.3946,145.1180
47360,Ίs–L—Ά,Ί’n•ϋ“μ•”,20210213231020,2,0,0,0,0,0,0,0,0,43.3675,145.7388
47420,Ίs–ν‰h,Ί’n•ϋ“μ•”,20210213231020,2,0,0,0,0,0,0,0,0,43.3310,145.5857
42201,•½“ΰ’¬¬–©,ΒX§’Γy–k•”,20210213230830,5,0,0,0,0,0,0,0,0,40.9255,140.9527
47229,άμ΄s‘Ύ“c,ΒX§’Γy–k•”,20210213230850,4,0,0,0,0,0,0,0,0,41.0602,140.4077
42202,ιΛƒ–‘ς’¬–{’¬,ΒX§’Γy“μ•”,20210213230840,5,0,0,0,0,0,0,0,0,40.7797,140.2083
47231,[‰Y’¬’·c•½,ΒX§’Γy“μ•”,20210213230840,4,0,0,0,0,0,0,0,0,40.5955,140.0035
47574,[‰Y’¬[‰Y‰’¬,ΒX§’Γy“μ•”,20210213230830,4,0,0,0,0,0,0,0,0,40.6464,139.9334
42203,Zƒ–‘Ί”φιo,ΒX§O”γ–k,20210213230830,5,0,0,0,0,0,0,0,0,40.9669,141.3739
47008,Zƒ–‘ΊoΛ,ΒX§O”γ–k,20210213230830,4,0,0,0,0,0,0,0,0,41.0073,141.3664
47230,µΛ’¬–k“VΤΪ,ΒX§O”γ–k,20210213230840,4,0,0,0,0,0,0,0,0,40.7895,141.0647
47351,”Λs“‡η,ΒX§O”γ–k,20210213230820,5,0,0,0,0,0,0,0,0,40.3762,141.5117
47581,”Λs–©’¬,ΒX§O”γ–k,20210213230820,5,0,0,0,0,0,0,0,0,40.5278,141.5217
47228,‚ή‚Βs‘ε”¨’¬‰–ς¤,ΒX§‰Ί–k,20210213230850,4,0,0,0,0,0,0,0,0,41.3847,141.0447
42208,R“c’¬””¦’¬,βθ§‰έ–k•”,20210213230800,5,0,0,0,0,0,0,0,0,39.4676,141.9492
42209,βθ—m–μ’¬νs,βθ§‰έ–k•”,20210213230820,5,0,0,0,0,0,0,0,0,40.4083,141.7185
47236,“c–μ”¨‘Ί“c–μ”¨,βθ§‰έ–k•”,20210213230810,5,0,0,0,0,0,0,0,0,39.9416,141.8603
47376,‹{Γs’·‘ς,βθ§‰έ–k•”,20210213230810,5,0,0,0,0,0,0,0,0,39.5767,141.8197
47585,‹{ΓsLƒ–θ,βθ§‰έ–k•”,20210213230810,5,0,0,0,0,0,0,0,0,39.6471,141.9657
41205,Ξs‘ό‰z’¬,βθ§‰έ“μ•”,20210213230800,5,0,0,0,0,0,0,0,0,39.2760,141.8856
47238,‘ε‘D“ns’–μ’¬,βθ§‰έ“μ•”,20210213230800,5,0,0,0,0,0,0,0,0,39.0833,141.6649
47512,‘ε‘D“ns‘ε‘D“n’¬,βθ§‰έ“μ•”,20210213230800,5,0,0,0,0,0,0,0,0,39.0653,141.7146
47584,·‰sR‰¤’¬,βθ§“ΰ—¤–k•”,20210213230810,5,0,0,0,0,0,0,0,0,39.6987,141.1658
42207,κΦs‘ε“’¬,βθ§“ΰ—¤“μ•”,20210213230800,5,0,0,0,0,0,0,0,0,39.0171,141.3956
47237,‰Τs‘ε”—’¬,βθ§“ΰ—¤“μ•”,20210213230810,5,0,0,0,0,0,0,0,0,39.4779,141.2899
47012,‹Cεΐs–{‹g’¬Όμ“ΰ,‹{ι§–k•”,20210213230800,5,0,0,0,0,0,0,0,0,38.8108,141.4738
42217,άι–Ϊ’¬Όιƒm–Ϊ,H“c§‰έ–k•”,20210213230820,5,0,0,0,0,0,0,0,0,39.9438,140.1111
47233,’j­s’j­’†,H“c§‰έ–k•”,20210213230830,5,0,0,0,0,0,0,0,0,39.9195,139.8066
47232,‘εΩs”δ“ΰ’¬–΅‘X“ΰ,H“c§“ΰ—¤–k•”,20210213230820,5,0,0,0,0,0,0,0,0,40.1916,140.6326
47234,H“c”ό‹½’¬Z‹½“,H“c§“ΰ—¤“μ•”,20210213230810,5,0,0,0,0,0,0,0,0,39.3992,140.6301
47241,’ί‰s‰·Cμ,R`§―“ΰ,20210213230810,5,0,0,0,0,0,0,0,0,38.5961,139.7104
47249,π“cs”ς“‡,R`§―“ΰ,20210213230820,4,0,0,0,0,0,0,0,0,39.1978,139.5531
42223,“μ‰ο’Γ’¬“c“‡,•“‡§‰ο’Γ,20210213230800,5,0,0,0,0,0,0,0,0,37.2002,139.7732
47248,–φ’Γ’¬‘ε¬‘ς,•“‡§‰ο’Γ,20210213230810,4,0,0,0,0,0,0,0,0,37.4096,139.7011
47019,‚Π‚½‚Ώ‚Θ‚©sRƒmγ’¬,οι§–k•”,20210213230800,5,0,0,0,0,0,0,0,0,36.3405,140.5868
47259,ν—¤‘Ύ“cs’¬‰®’¬,οι§–k•”,20210213230800,5,0,0,0,0,0,0,0,0,36.6140,140.5653
47628,Ξ‰s`‰,οι§“μ•”,20210213230810,4,0,0,0,0,0,0,0,0,36.2342,140.1893
47690,“ϊυs’†‹{βK,“Θ–Ψ§–k•”,20210213230810,3,0,0,0,0,0,0,0,0,36.7404,139.4957
41304,“Θ–Ψs®’¬,“Θ–Ψ§“μ•”,20210213230810,3,0,0,0,0,0,0,0,0,36.3772,139.7363
42306,‰vq’¬‰vq,“Θ–Ψ§“μ•”,20210213230810,3,0,0,0,0,0,0,0,0,36.4675,140.0931
41305,ΐ“csΌ‘q“ΰ’¬,Q”n§–k•”,20210213230820,4,0,0,0,0,0,0,0,0,36.6461,139.0428
42309,“αΘ’¬΄’¬,Q”n§–k•”,20210213230820,3,0,0,0,0,0,0,0,0,36.5714,138.8212
47257,’†”Vπ’¬“ϊ‰e,Q”n§–k•”,20210213230820,5,0,0,0,0,0,0,0,0,36.5647,138.6362
47353,ΐ“cs”φ£‚“™wZ,Q”n§–k•”,20210213230820,4,0,0,0,0,0,0,0,0,36.7301,139.2232
41306,•x‰sµ“ϊs,Q”n§“μ•”,20210213230820,3,0,0,0,0,0,0,0,0,36.2639,138.8803
41307,‹Λ¶sD•P’¬,Q”n§“μ•”,20210213230810,3,0,0,0,0,0,0,0,0,36.4055,139.3313
47624,‘O‹΄sΊa’¬,Q”n§“μ•”,20210213230820,4,0,0,0,0,0,0,0,0,36.4055,139.0608
42312,–{―s™‹Κ’¬,ι‹Κ§–k•”,20210213230820,4,0,0,0,0,0,0,0,0,36.1907,139.1279
47262,”Ρ”\s‰Ί’Ό’|,ι‹Κ§“μ•”,20210213230820,4,0,0,0,0,0,0,0,0,35.8397,139.2787
47261,¬­–μ’¬—Ό_”–,ι‹Κ§’•ƒ,20210213230820,4,0,0,0,0,0,0,0,0,36.0202,138.8979
47370,’¶qs¬”¨V’¬,η—t§–k“•”,20210213230810,5,0,0,0,0,0,0,0,0,35.7211,140.8578
47648,’¶qsμϋ’¬,η—t§–k“•”,20210213230810,3,0,0,0,0,0,0,0,0,35.7399,140.8580
41316,›μs”F,η—t§“μ•”,20210213230830,4,0,0,0,0,0,0,0,0,35.1140,140.0982
47022,›μs“ΰ‰Y,η—t§“μ•”,20210213230820,5,0,0,0,0,0,0,0,0,35.1600,140.1991
47674,‰Ys–n–Ό,η—t§“μ•”,20210213230820,4,0,0,0,0,0,0,0,0,35.1507,140.3121
41321,Β”~s“Β”~,“‹“s‘½–€Ό•”,20210213230820,2,0,0,0,0,0,0,0,0,35.7888,139.2744
47286,_’Γ“‡‘Ί‹ΰ’·,_’Γ“‡,20210213230840,4,0,0,0,0,0,0,0,0,34.1902,139.1338
47675,Ι“¤‘ε“‡’¬³’¬,Ι“¤‘ε“‡,20210213230840,3,0,0,0,0,0,0,0,0,34.7502,139.3553
47023,“‹—“‡‘Ί“R,V“‡,20210213230840,4,0,0,0,0,0,0,0,0,34.5236,139.2883
47024,V“‡‘Ί®“‡,V“‡,20210213230840,4,0,0,0,0,0,0,0,0,34.3347,139.2106
47379,V“‡‘Ί‘ε΄,V“‡,20210213230840,4,0,0,0,0,0,0,0,0,34.3560,139.2741
47025,δ‘ “‡‘ΊΌμ,O‘ξ“‡,20210213230840,4,0,0,0,0,0,0,0,0,33.8924,139.5907
47287,O‘ξ‘Ί’Ψ“c,O‘ξ“‡,20210213230840,4,0,0,0,0,0,0,0,0,34.0605,139.5478
47677,O‘ξ‘Ί_’…,O‘ξ“‡,20210213230840,4,0,0,0,0,0,0,0,0,34.1237,139.5214
47026,Βƒ–“‡‘Ί,”δ“‡,20210213230900,4,0,0,0,0,0,0,0,0,32.4637,139.7638
47377,”δ’¬~—§,”δ“‡,20210213230950,2,0,0,0,0,0,0,0,0,33.0723,139.7976
47678,”δ’¬O,”δ“‡,20210213230850,3,0,0,0,0,0,0,0,0,33.1136,139.7920
47289,¬}΄‘Ί•ƒ“‡O“ϊR,¬}΄,20210213231200,2,0,0,0,0,0,0,0,0,27.0958,142.1846
47363,¬}΄‘Ί•κ“‡,¬}΄,20210213231210,2,0,0,0,0,0,0,0,0,26.6329,142.1757
47264,‰΅{‰κsυ‚Μ‹u,_“ήμ§“•”,20210213230830,5,0,0,0,0,0,0,0,0,35.2269,139.6629
42315,“’‰Ν΄’¬’†‰›,_“ήμ§Ό•”,20210213230830,3,0,0,0,0,0,0,0,0,35.1479,139.1082
47045,‘–Ν΄—Ξ‹ζα–φ,_“ήμ§Ό•”,20210213230830,4,0,0,0,0,0,0,0,0,35.6019,139.2085
47265,¬“c΄s‹v–μ,_“ήμ§Ό•”,20210213230830,4,0,0,0,0,0,0,0,0,35.2665,139.0850
41329,…‹›μsκ‚Μ‹{,Vƒ§γ‰z,20210213230840,3,0,0,0,0,0,0,0,0,37.0388,137.8633
47612,γ‰zs‘εθ’¬,Vƒ§γ‰z,20210213230830,4,0,0,0,0,0,0,0,0,37.1068,138.2469
47255,‹›ΐs‰Ίά—§,Vƒ§’†‰z,20210213230810,4,0,0,0,0,0,0,0,0,37.2086,139.0566
47250,Ύ“‡‰Y‘Ίω”¨,Vƒ§‰Ί‰z,20210213230810,4,0,0,0,0,0,0,0,0,38.4591,139.2467
47252,Ά‰κ–μs”¨],Vƒ§‰Ί‰z,20210213230810,3,0,0,0,0,0,0,0,0,37.8212,139.3142
47251,²“ns‘μ‹ΰR,Vƒ§²“n,20210213230840,3,0,0,0,0,0,0,0,0,38.0401,138.2577
47602,²“ns‘μO’¬–Ϊ,Vƒ§²“n,20210213230830,2,0,0,0,0,0,0,0,0,38.0295,138.2400
41331,‹›’Γsί‰ή“°,•xR§“•”,20210213230930,2,0,0,0,0,0,0,0,0,36.8265,137.4092
42320,•xR’©“ϊ’¬“Ή‰Ί,•xR§“•”,20210213230900,2,0,0,0,0,0,0,0,0,36.9461,137.5596
42321,•xRs””φ’¬•“‡,•xR§“•”,20210213230910,3,0,0,0,0,0,0,0,0,36.5855,137.1399
47272,—§R’¬‹g•τ,•xR§“•”,20210213230900,3,0,0,0,0,0,0,0,0,36.6082,137.3304
47607,•xRsΞβ,•xR§“•”,20210213230910,3,0,0,0,0,0,0,0,0,36.7096,137.2024
41332,¬–ξ•”sς’¬,•xR§Ό•”,20210213230920,3,0,0,0,0,0,0,0,0,36.6725,136.8738
42322,“μ“vs“V’r,•xR§Ό•”,20210213230950,2,0,0,0,0,0,0,0,0,36.5383,136.8840
47606,‚‰s•–Ψ,•xR§Ό•”,20210213230940,3,0,0,0,0,0,0,0,0,36.7923,137.0560
41333,µ”φs–{•{’†’¬,Ξμ§”\“o,20210213230850,3,0,0,0,0,0,0,0,0,37.0327,136.9698
42325,”\“o’¬‰Fo’Γ,Ξμ§”\“o,20210213230840,3,0,0,0,0,0,0,0,0,37.3109,137.1473
47600,—Φ“‡s–P’¬,Ξμ§”\“o,20210213230840,3,0,0,0,0,0,0,0,0,37.3912,136.8952
42323,’Γ”¦’¬‰Α‰κ’ά,Ξμ§‰Α‰κ,20210213230930,2,0,0,0,0,0,0,0,0,36.6691,136.7284
47605,‹ΰ‘ςsΌ”O,Ξμ§‰Α‰κ,20210213231000,3,0,0,0,0,0,0,0,0,36.5892,136.6341
47616,•δs–L“‡,•δ§—δ–k,20210213230900,3,0,0,0,0,0,0,0,0,36.0557,136.2226
42327,‚•l’¬‹{θ,•δ§—δ“μ,20210213230910,3,0,0,0,0,0,0,0,0,35.4881,135.5495
47631,“Φ‰κsΌ‰h’¬,•δ§—δ“μ,20210213230900,3,0,0,0,0,0,0,0,0,35.6537,136.0623
47268,g‰„’¬‘ει¬ι,R—§’†EΌ•”,20210213230830,5,0,0,0,0,0,0,0,0,35.5009,138.5414
42328,γ–μ΄sl•ϋ’Γ,R—§“•”E•xmάΞ,20210213230830,2,0,0,0,0,0,0,0,0,35.6134,139.0815
41339,‘ε’¬s–π,’·–μ§–k•”,20210213230900,2,0,0,0,0,0,0,0,0,36.5024,137.8516
42333,Rƒm“ΰ’¬•½‰Έ,’·–μ§–k•”,20210213230830,2,0,0,0,0,0,0,0,0,36.7446,138.4128
47610,’·–μs” ΄…,’·–μ§–k•”,20210213230830,5,0,0,0,0,0,0,0,0,36.6627,138.1926
47685,’·–μsΌ‘γ,’·–μ§–k•”,20210213230910,1,0,0,0,0,0,0,0,0,36.5439,138.2060
41340,γ“cs’z’n,’·–μ§’†•”,20210213230830,3,0,0,0,0,0,0,0,0,36.3992,138.2081
42329,²‹vs‰Ί¬“cΨ,’·–μ§’†•”,20210213230830,3,0,0,0,0,0,0,0,0,36.1932,138.4773
42332,ΐ“ά–μs•δ‚x,’·–μ§’†•”,20210213230840,3,0,0,0,0,0,0,0,0,36.3385,137.8868
42346,’}–k‘Ίβδ,’·–μ§’†•”,20210213230830,2,0,0,0,0,0,0,0,0,36.4503,138.0686
47618,Ό–{s‘ς‘Ί,’·–μ§’†•”,20210213230850,3,0,0,0,0,0,0,0,0,36.2467,137.9704
42330,’C–μ’¬’†‰›,’·–μ§“μ•”,20210213230840,2,0,0,0,0,0,0,0,0,35.9823,137.9876
42331,”Ρ“‡’¬”Ρ“‡,’·–μ§“μ•”,20210213230840,3,0,0,0,0,0,0,0,0,35.6767,137.9195
47270,Ι“ίs‚‰“’¬tϋ,’·–μ§“μ•”,20210213230830,4,0,0,0,0,0,0,0,0,35.8766,138.1313
42336,‰ΊCsX,ς•§”ς‘Λ,20210213230850,2,0,0,0,0,0,0,0,0,35.8058,137.2441
41341,’†’Γμs‚©‚β‚Μ–Ψ’¬,ς•§”ό”Z“•”,20210213230850,3,0,0,0,0,0,0,0,0,35.4891,137.5004
41342,”ό”Z‰Α–Ξs‘Ύ“c’¬,ς•§”ό”Z“•”,20210213230950,1,0,0,0,0,0,0,0,0,35.4400,137.0167
47280,”’μ’¬•μ,ς•§”ό”Z“•”,20210213230940,2,0,0,0,0,0,0,0,0,35.6039,137.3547
42334,—K”γμ’¬O—Φ,ς•§”ό”Z’†Ό•”,20210213230900,2,0,0,0,0,0,0,0,0,35.4874,136.5678
47632,ς•s‰Α”[“ρ”VΫ,ς•§”ό”Z’†Ό•”,20210213230930,3,0,0,0,0,0,0,0,0,35.4006,136.7626
42338,Ι“s‘ε΄,Γ‰§Ι“¤,20210213230840,3,0,0,0,0,0,0,0,0,34.9654,139.1020
47027,Ι“¤s’†Ι“¤ƒOƒ‰ƒEƒ“ƒh,Γ‰§Ι“¤,20210213230830,5,0,0,0,0,0,0,0,0,34.9588,139.0087
47266,‰Ί“cs‰Α‘–μ,Γ‰§Ι“¤,20210213230840,4,0,0,0,0,0,0,0,0,34.7212,138.8750
47666,“μΙ“¤’¬ΞLθ,Γ‰§Ι“¤,20210213230840,2,0,0,0,0,0,0,0,0,34.6038,138.8429
47668,”MCs–Τ‘γ,Γ‰§Ι“¤,20210213230830,3,0,0,0,0,0,0,0,0,35.0482,139.0925
47028,•xms•xm‘‡‰^“®φ‰€,Γ‰§“•”,20210213230840,4,0,0,0,0,0,0,0,0,35.1940,138.6851
41344,“‡“csψw,Γ‰§’†•”,20210213230930,1,0,0,0,0,0,0,0,0,34.8447,138.1748
42339,“‡“csμ’¬‰ΖR,Γ‰§’†•”,20210213230850,2,0,0,0,0,0,0,0,0,34.9391,138.0758
47267,–q”V΄s‹S—V“c,Γ‰§’†•”,20210213230910,4,0,0,0,0,0,0,0,0,34.6777,138.1830
47656,Γ‰x‰Ν‹ζ‹Θ‹ΰ,Γ‰§’†•”,20210213230840,4,0,0,0,0,0,0,0,0,34.9760,138.4035
41345,‘άδsV‰®,Γ‰§Ό•”,20210213230900,4,0,0,0,0,0,0,0,0,34.7502,137.9239
42340,•lΌ–k‹ζOƒ–“ϊ’¬,Γ‰§Ό•”,20210213230900,2,0,0,0,0,0,0,0,0,34.8031,137.5560
47029,|μsΒκ,Γ‰§Ό•”,20210213230920,3,0,0,0,0,0,0,0,0,34.7510,137.9857
47654,•lΌ’†‹ζ‚‹u“,Γ‰§Ό•”,20210213230940,2,0,0,0,0,0,0,0,0,34.7540,137.7116
47655,δ‘Oθsδ‘Oθ,Γ‰§Ό•”,20210213230940,3,0,0,0,0,0,0,0,0,34.6048,138.2136
41348,–L‹΄sόR,¤’m§“•”,20210213230900,3,0,0,0,0,0,0,0,0,34.7572,137.4074
42344,Vιsζ–{,¤’m§“•”,20210213231000,1,0,0,0,0,0,0,0,0,34.9309,137.5742
47653,“c΄s•]’¬,¤’m§“•”,20210213230910,3,0,0,0,0,0,0,0,0,34.6297,137.0942
41349,–L“cs¬β–{’¬,¤’m§Ό•”,20210213230900,2,0,0,0,0,0,0,0,0,35.0871,137.1505
41350,‰θsα‹{’¬,¤’m§Ό•”,20210213231000,1,0,0,0,0,0,0,0,0,34.9528,137.1793
41351,νsVJ’¬,¤’m§Ό•”,20210213230920,3,0,0,0,0,0,0,0,0,34.8863,136.8324
42342,“μ’m‘½’¬–L•l,¤’m§Ό•”,20210213231010,1,0,0,0,0,0,0,0,0,34.7151,136.9291
42343,Ό”φsκF’¬,¤’m§Ό•”,20210213230910,3,0,0,0,0,0,0,0,0,34.8123,137.0298
47031,κ‹{sηH,¤’m§Ό•”,20210213230910,3,0,0,0,0,0,0,0,0,35.3020,136.8431
47281,–L“cs‘ε“΄’¬,¤’m§Ό•”,20210213230950,2,0,0,0,0,0,0,0,0,35.2688,137.2534
47652,’†•”‘Ϋ‹σ`,¤’m§Ό•”,20210213230920,4,0,0,0,0,0,0,0,0,34.8635,136.8143
41352,—ι­sΌπ,Od§–k•”,20210213231000,3,0,0,0,0,0,0,0,0,34.8787,136.5687
47684,l“ϊss“ϊ‰i,Od§–k•”,20210213231000,3,0,0,0,0,0,0,0,0,34.9401,136.5803
47649,Ι‰κs—ΞƒP‹u–{’¬,Od§’†•”,20210213230940,2,0,0,0,0,0,0,0,0,34.7619,136.1421
47651,’Γs“‡θ’¬,Od§’†•”,20210213230930,4,0,0,0,0,0,0,0,0,34.7344,136.5202
47761,•Fsι’¬, ‰κ§–k•”,20210213230900,3,0,0,0,0,0,0,0,0,35.2761,136.2437
41401,‘ε’Γsδ—Λ’¬, ‰κ§“μ•”,20210213231030,2,0,0,0,0,0,0,0,0,35.0175,135.8545
41402,‹ί]””¦sχ‹{’¬, ‰κ§“μ•”,20210213230900,4,0,0,0,0,0,0,0,0,35.1274,136.0980
42401,‘ε’Γs“μ¬Ό, ‰κ§“μ•”,20210213231020,1,0,0,0,0,0,0,0,0,35.2360,135.9558
42402,b‰κs…ϋ’¬, ‰κ§“μ•”,20210213231010,2,0,0,0,0,0,0,0,0,34.9657,136.1659
41403,‰F΅s‰F΅”ϊ”i,‹“s•{“μ•”,20210213231100,1,0,0,0,0,0,0,0,0,34.8837,135.7996
41404,‹T‰sΐ’¬,‹“s•{“μ•”,20210213231020,1,0,0,0,0,0,0,0,0,35.0128,135.5735
41406,–¥–Κs–¥–Κ,‘εγ•{–k•”,20210213231040,1,0,0,0,0,0,0,0,0,34.8319,135.4708
41407,‚’Ξs“‰€’¬,‘εγ•{–k•”,20210213231040,1,0,0,0,0,0,0,0,0,34.8454,135.6169
47771,‘εγ‘Ϋ‹σ`,‘εγ•{–k•”,20210213231030,3,0,0,0,0,0,0,0,0,34.7888,135.4442
47772,‘εγ’†‰›‹ζ‘εθ‘O,‘εγ•{–k•”,20210213231030,3,0,0,0,0,0,0,0,0,34.6821,135.5184
41408,•x“c—Ρs–{’¬,‘εγ•{“μ•”,20210213231050,1,0,0,0,0,0,0,0,0,34.5030,135.6002
41409,έa“csέι’¬,‘εγ•{“μ•”,20210213231050,2,0,0,0,0,0,0,0,0,34.4582,135.3702
41410,‘εγδs’†‹ζ[δ΄…’¬,‘εγ•{“μ•”,20210213231050,2,0,0,0,0,0,0,0,0,34.5336,135.4918
47747,–L‰sχ’¬,•ΊΙ§–k•”,20210213230910,2,0,0,0,0,0,0,0,0,35.5358,134.8226
41411,Ό‹{s‹{‘O’¬,•ΊΙ§“μ“•”,20210213231050,1,0,0,0,0,0,0,0,0,34.7316,135.3351
41414,‰ΑΓμs‰ΑΓμ’¬,•ΊΙ§“μ“•”,20210213231100,1,0,0,0,0,0,0,0,0,34.7566,134.8416
47780,“ή—ΗsΌ‹I›’¬,“ή—Η§,20210213231020,2,0,0,0,0,0,0,0,0,34.6743,135.8322
47742,‹«`s“–{’¬,’Ήζ§Ό•”,20210213230940,2,0,0,0,0,0,0,0,0,35.5448,133.2351
47766,ΰs•σ’¬,L“‡§“μΌ•”,20210213231000,1,0,0,0,0,0,0,0,0,34.2412,132.5498
